chip_name,climate
28QDE_00,BWh Arid-Desert-Hot
28QDE_01,BWh Arid-Desert-Hot
28QDE_02,BWh Arid-Desert-Hot
28QDE_03,BWh Arid-Desert-Hot
28QDE_04,BWh Arid-Desert-Hot
28QDE_05,BWh Arid-Desert-Hot
28QDE_06,BWh Arid-Desert-Hot
28QDE_07,BWh Arid-Desert-Hot
28QDE_08,BWh Arid-Desert-Hot
28QDE_09,BWh Arid-Desert-Hot
28QDE_10,BWh Arid-Desert-Hot
28QDE_11,BWh Arid-Desert-Hot
28QDE_12,BWh Arid-Desert-Hot
28QDE_13,BWh Arid-Desert-Hot
28QDE_14,BWh Arid-Desert-Hot
28QDE_15,BWh Arid-Desert-Hot
28QDE_16,BWh Arid-Desert-Hot
28QDE_17,BWh Arid-Desert-Hot
28QDE_18,BWh Arid-Desert-Hot
28QDE_19,BWh Arid-Desert-Hot
28QDE_20,BWh Arid-Desert-Hot
28QDE_21,BWh Arid-Desert-Hot
28QDE_22,BWh Arid-Desert-Hot
28QDE_23,BWh Arid-Desert-Hot
28QDE_24,BWh Arid-Desert-Hot
28QDE_25,BWh Arid-Desert-Hot
28QDE_26,BWh Arid-Desert-Hot
28QDE_27,BWh Arid-Desert-Hot
28QDE_28,BWh Arid-Desert-Hot
28QDE_29,BWh Arid-Desert-Hot
29NMG_00,
29NMG_01,Am Tropical-Monsoon
29NMG_02,Am Tropical-Monsoon
29NMG_03,Af Tropical-Rainforest
29NMG_04,Am Tropical-Monsoon
29NMG_05,Am Tropical-Monsoon
29NMG_06,Am Tropical-Monsoon
29NMG_07,Af Tropical-Rainforest
29NMG_08,Af Tropical-Rainforest
29NMG_09,
29NMG_10,Am Tropical-Monsoon
29NMG_11,Am Tropical-Monsoon
29NMG_12,Af Tropical-Rainforest
29NMG_13,Am Tropical-Monsoon
29NMG_14,Am Tropical-Monsoon
29NMG_15,Am Tropical-Monsoon
29NMG_16,Am Tropical-Monsoon
29NMG_17,Am Tropical-Monsoon
29NMG_18,Am Tropical-Monsoon
29NMG_19,Am Tropical-Monsoon
29NMG_20,Am Tropical-Monsoon
29NMG_21,Am Tropical-Monsoon
29NMG_22,Af Tropical-Rainforest
29NMG_23,Am Tropical-Monsoon
29NMG_24,Am Tropical-Monsoon
29NMG_25,Am Tropical-Monsoon
29NMG_26,Am Tropical-Monsoon
29NMG_27,Am Tropical-Monsoon
29NMG_28,Am Tropical-Monsoon
29NMG_29,Am Tropical-Monsoon
29PKL_00,Am Tropical-Monsoon
29PKL_01,Aw Tropical-Savanna
29PKL_02,Aw Tropical-Savanna
29PKL_03,Aw Tropical-Savanna
29PKL_04,Aw Tropical-Savanna
29PKL_05,Aw Tropical-Savanna
29PKL_06,Am Tropical-Monsoon
29PKL_07,Aw Tropical-Savanna
29PKL_08,Aw Tropical-Savanna
29PKL_09,Aw Tropical-Savanna
29PKL_10,Aw Tropical-Savanna
29PKL_11,Aw Tropical-Savanna
29PKL_12,Aw Tropical-Savanna
29PKL_13,Am Tropical-Monsoon
29PKL_14,Aw Tropical-Savanna
29PKL_15,Aw Tropical-Savanna
29PKL_16,Aw Tropical-Savanna
29PKL_17,Aw Tropical-Savanna
29PKL_18,Aw Tropical-Savanna
29PKL_19,Aw Tropical-Savanna
29PKL_20,Am Tropical-Monsoon
29PKL_21,Aw Tropical-Savanna
29PKL_22,Aw Tropical-Savanna
29PKL_23,Aw Tropical-Savanna
29PKL_24,Aw Tropical-Savanna
29PKL_25,Aw Tropical-Savanna
29PKL_26,Am Tropical-Monsoon
29PKL_27,Am Tropical-Monsoon
29PKL_28,Aw Tropical-Savanna
29PKL_29,Aw Tropical-Savanna
29PNM_00,Aw Tropical-Savanna
29PNM_01,Aw Tropical-Savanna
29PNM_02,Aw Tropical-Savanna
29PNM_03,Aw Tropical-Savanna
29PNM_04,Aw Tropical-Savanna
29PNM_05,Aw Tropical-Savanna
29PNM_06,Aw Tropical-Savanna
29PNM_07,Aw Tropical-Savanna
29PNM_08,Aw Tropical-Savanna
29PNM_09,Aw Tropical-Savanna
29PNM_10,Aw Tropical-Savanna
29PNM_11,Aw Tropical-Savanna
29PNM_12,Aw Tropical-Savanna
29PNM_13,Aw Tropical-Savanna
29PNM_14,Aw Tropical-Savanna
29PNM_15,Aw Tropical-Savanna
29PNM_16,Aw Tropical-Savanna
29PNM_17,Aw Tropical-Savanna
29PNM_18,Aw Tropical-Savanna
29PNM_19,Aw Tropical-Savanna
29PNM_20,Aw Tropical-Savanna
29PNM_21,Aw Tropical-Savanna
29PNM_22,Aw Tropical-Savanna
29PNM_23,Aw Tropical-Savanna
29PNM_24,Aw Tropical-Savanna
29PNM_25,Aw Tropical-Savanna
29PNM_26,Aw Tropical-Savanna
29PNM_27,Aw Tropical-Savanna
29PNM_28,Aw Tropical-Savanna
29PNM_29,Aw Tropical-Savanna
30PTV_00,BSh Arid-Steppe-Hot
30PTV_01,BSh Arid-Steppe-Hot
30PTV_02,BSh Arid-Steppe-Hot
30PTV_03,BSh Arid-Steppe-Hot
30PTV_04,BSh Arid-Steppe-Hot
30PTV_05,BSh Arid-Steppe-Hot
30PTV_06,BSh Arid-Steppe-Hot
30PTV_07,BSh Arid-Steppe-Hot
30PTV_08,BSh Arid-Steppe-Hot
30PTV_09,BSh Arid-Steppe-Hot
30PTV_10,Aw Tropical-Savanna
30PTV_11,Aw Tropical-Savanna
30PTV_12,Aw Tropical-Savanna
30PTV_13,Aw Tropical-Savanna
30PTV_14,Aw Tropical-Savanna
30PTV_15,BSh Arid-Steppe-Hot
30PTV_16,Aw Tropical-Savanna
30PTV_17,BSh Arid-Steppe-Hot
30PTV_18,BSh Arid-Steppe-Hot
30PTV_19,BSh Arid-Steppe-Hot
30PTV_20,BSh Arid-Steppe-Hot
30PTV_21,BSh Arid-Steppe-Hot
30PTV_22,BSh Arid-Steppe-Hot
30PTV_23,BSh Arid-Steppe-Hot
30PTV_24,BSh Arid-Steppe-Hot
30PTV_25,BSh Arid-Steppe-Hot
30PTV_26,BSh Arid-Steppe-Hot
30PTV_27,Aw Tropical-Savanna
30PTV_28,BSh Arid-Steppe-Hot
30PTV_29,BSh Arid-Steppe-Hot
30PWT_00,Aw Tropical-Savanna
30PWT_01,Aw Tropical-Savanna
30PWT_02,Aw Tropical-Savanna
30PWT_03,Aw Tropical-Savanna
30PWT_04,Aw Tropical-Savanna
30PWT_05,Aw Tropical-Savanna
30PWT_06,Aw Tropical-Savanna
30PWT_07,Aw Tropical-Savanna
30PWT_08,Aw Tropical-Savanna
30PWT_09,Aw Tropical-Savanna
30PWT_10,Aw Tropical-Savanna
30PWT_11,Aw Tropical-Savanna
30PWT_12,Aw Tropical-Savanna
30PWT_13,Aw Tropical-Savanna
30PWT_14,Aw Tropical-Savanna
30PWT_15,Aw Tropical-Savanna
30PWT_16,Aw Tropical-Savanna
30PWT_17,Aw Tropical-Savanna
30PWT_18,Aw Tropical-Savanna
30PWT_19,Aw Tropical-Savanna
30PWT_20,Aw Tropical-Savanna
30PWT_21,Aw Tropical-Savanna
30PWT_22,Aw Tropical-Savanna
30PWT_23,Aw Tropical-Savanna
30PWT_24,Aw Tropical-Savanna
30PWT_25,Aw Tropical-Savanna
30PWT_26,Aw Tropical-Savanna
30PWT_27,Aw Tropical-Savanna
30PWT_28,Aw Tropical-Savanna
30PWT_29,Aw Tropical-Savanna
31NFH_00,
31NFH_01,Aw Tropical-Savanna
31NFH_02,Am Tropical-Monsoon
31NFH_03,Aw Tropical-Savanna
31NFH_04,Aw Tropical-Savanna
31NFH_05,Aw Tropical-Savanna
31NFH_06,Aw Tropical-Savanna
31NFH_07,Aw Tropical-Savanna
31NFH_08,Aw Tropical-Savanna
31NFH_09,Aw Tropical-Savanna
31NFH_10,Aw Tropical-Savanna
31NFH_11,Aw Tropical-Savanna
31NFH_12,Aw Tropical-Savanna
31NFH_13,Aw Tropical-Savanna
31NFH_14,Aw Tropical-Savanna
31NFH_15,Aw Tropical-Savanna
31NFH_16,Aw Tropical-Savanna
31NFH_17,Aw Tropical-Savanna
31NFH_18,Aw Tropical-Savanna
31NFH_19,Am Tropical-Monsoon
31NFH_20,Aw Tropical-Savanna
31NFH_21,Aw Tropical-Savanna
31NFH_22,Aw Tropical-Savanna
31NFH_23,Aw Tropical-Savanna
31NFH_24,Aw Tropical-Savanna
31NFH_25,Aw Tropical-Savanna
31NFH_26,Aw Tropical-Savanna
31NFH_27,Aw Tropical-Savanna
31NFH_28,Aw Tropical-Savanna
31NFH_29,Aw Tropical-Savanna
31PGR_00,BSh Arid-Steppe-Hot
31PGR_01,BSh Arid-Steppe-Hot
31PGR_02,BSh Arid-Steppe-Hot
31PGR_03,BSh Arid-Steppe-Hot
31PGR_04,BSh Arid-Steppe-Hot
31PGR_05,BSh Arid-Steppe-Hot
31PGR_06,BSh Arid-Steppe-Hot
31PGR_07,BSh Arid-Steppe-Hot
31PGR_08,BSh Arid-Steppe-Hot
31PGR_09,BSh Arid-Steppe-Hot
31PGR_10,BSh Arid-Steppe-Hot
31PGR_11,BSh Arid-Steppe-Hot
31PGR_12,BSh Arid-Steppe-Hot
31PGR_13,BSh Arid-Steppe-Hot
31PGR_14,BSh Arid-Steppe-Hot
31PGR_15,BSh Arid-Steppe-Hot
31PGR_16,BSh Arid-Steppe-Hot
31PGR_17,BSh Arid-Steppe-Hot
31PGR_18,BSh Arid-Steppe-Hot
31PGR_19,BSh Arid-Steppe-Hot
31PGR_20,BSh Arid-Steppe-Hot
31PGR_21,BSh Arid-Steppe-Hot
31PGR_22,BSh Arid-Steppe-Hot
31PGR_23,BSh Arid-Steppe-Hot
31PGR_24,BSh Arid-Steppe-Hot
31PGR_25,BSh Arid-Steppe-Hot
31PGR_26,BSh Arid-Steppe-Hot
31PGR_27,BSh Arid-Steppe-Hot
31PGR_28,BSh Arid-Steppe-Hot
31PGR_29,BSh Arid-Steppe-Hot
31PGS_00,BWh Arid-Desert-Hot
31PGS_01,BWh Arid-Desert-Hot
31PGS_02,BWh Arid-Desert-Hot
31PGS_03,BWh Arid-Desert-Hot
31PGS_04,BWh Arid-Desert-Hot
31PGS_05,BWh Arid-Desert-Hot
31PGS_06,BWh Arid-Desert-Hot
31PGS_07,BWh Arid-Desert-Hot
31PGS_08,BWh Arid-Desert-Hot
31PGS_09,BWh Arid-Desert-Hot
31PGS_10,BWh Arid-Desert-Hot
31PGS_11,BWh Arid-Desert-Hot
31PGS_12,BWh Arid-Desert-Hot
31PGS_13,BWh Arid-Desert-Hot
31PGS_14,BWh Arid-Desert-Hot
31PGS_15,BWh Arid-Desert-Hot
31PGS_16,BWh Arid-Desert-Hot
31PGS_17,BWh Arid-Desert-Hot
31PGS_18,BWh Arid-Desert-Hot
31PGS_19,BSh Arid-Steppe-Hot
31PGS_20,BWh Arid-Desert-Hot
31PGS_21,BSh Arid-Steppe-Hot
31PGS_22,BWh Arid-Desert-Hot
31PGS_23,BWh Arid-Desert-Hot
31PGS_24,BWh Arid-Desert-Hot
31PGS_25,BWh Arid-Desert-Hot
31PGS_26,BWh Arid-Desert-Hot
31PGS_27,BSh Arid-Steppe-Hot
31PGS_28,BWh Arid-Desert-Hot
31PGS_29,BWh Arid-Desert-Hot
32PLR_00,Aw Tropical-Savanna
32PLR_01,Aw Tropical-Savanna
32PLR_02,Aw Tropical-Savanna
32PLR_03,Aw Tropical-Savanna
32PLR_04,Aw Tropical-Savanna
32PLR_05,Aw Tropical-Savanna
32PLR_06,Aw Tropical-Savanna
32PLR_07,Aw Tropical-Savanna
32PLR_08,Aw Tropical-Savanna
32PLR_09,Aw Tropical-Savanna
32PLR_10,Aw Tropical-Savanna
32PLR_11,Aw Tropical-Savanna
32PLR_12,Aw Tropical-Savanna
32PLR_13,Aw Tropical-Savanna
32PLR_14,Aw Tropical-Savanna
32PLR_15,Aw Tropical-Savanna
32PLR_16,Aw Tropical-Savanna
32PLR_17,Aw Tropical-Savanna
32PLR_18,Aw Tropical-Savanna
32PLR_19,Aw Tropical-Savanna
32PLR_20,Aw Tropical-Savanna
32PLR_21,Aw Tropical-Savanna
32PLR_22,Aw Tropical-Savanna
32PLR_23,Aw Tropical-Savanna
32PLR_24,Aw Tropical-Savanna
32PLR_25,Aw Tropical-Savanna
32PLR_26,Aw Tropical-Savanna
32PLR_27,Aw Tropical-Savanna
32PLR_28,Aw Tropical-Savanna
32PLR_29,Aw Tropical-Savanna
32PLS_00,Aw Tropical-Savanna
32PLS_01,Aw Tropical-Savanna
32PLS_02,Aw Tropical-Savanna
32PLS_03,Aw Tropical-Savanna
32PLS_04,Aw Tropical-Savanna
32PLS_05,Aw Tropical-Savanna
32PLS_06,Aw Tropical-Savanna
32PLS_07,Aw Tropical-Savanna
32PLS_08,Aw Tropical-Savanna
32PLS_09,Aw Tropical-Savanna
32PLS_10,Aw Tropical-Savanna
32PLS_11,Aw Tropical-Savanna
32PLS_12,Aw Tropical-Savanna
32PLS_13,Aw Tropical-Savanna
32PLS_14,Aw Tropical-Savanna
32PLS_15,Aw Tropical-Savanna
32PLS_16,Aw Tropical-Savanna
32PLS_17,Aw Tropical-Savanna
32PLS_18,Aw Tropical-Savanna
32PLS_19,Aw Tropical-Savanna
32PLS_20,Aw Tropical-Savanna
32PLS_21,Aw Tropical-Savanna
32PLS_22,Aw Tropical-Savanna
32PLS_23,Aw Tropical-Savanna
32PLS_24,Aw Tropical-Savanna
32PLS_25,Aw Tropical-Savanna
32PLS_26,Aw Tropical-Savanna
32PLS_27,Aw Tropical-Savanna
32PLS_28,Aw Tropical-Savanna
32PLS_29,Aw Tropical-Savanna
32PPA_00,BWh Arid-Desert-Hot
32PPA_01,BWh Arid-Desert-Hot
32PPA_02,BWh Arid-Desert-Hot
32PPA_03,BWh Arid-Desert-Hot
32PPA_04,BWh Arid-Desert-Hot
32PPA_05,BWh Arid-Desert-Hot
32PPA_06,BWh Arid-Desert-Hot
32PPA_07,BWh Arid-Desert-Hot
32PPA_08,BWh Arid-Desert-Hot
32PPA_09,BWh Arid-Desert-Hot
32PPA_10,BWh Arid-Desert-Hot
32PPA_11,BWh Arid-Desert-Hot
32PPA_12,BWh Arid-Desert-Hot
32PPA_13,BWh Arid-Desert-Hot
32PPA_14,BWh Arid-Desert-Hot
32PPA_15,BWh Arid-Desert-Hot
32PPA_16,BWh Arid-Desert-Hot
32PPA_17,BWh Arid-Desert-Hot
32PPA_18,BWh Arid-Desert-Hot
32PPA_19,BWh Arid-Desert-Hot
32PPA_20,BWh Arid-Desert-Hot
32PPA_21,BWh Arid-Desert-Hot
32PPA_22,BWh Arid-Desert-Hot
32PPA_23,BWh Arid-Desert-Hot
32PPA_24,BWh Arid-Desert-Hot
32PPA_25,BWh Arid-Desert-Hot
32PPA_26,BWh Arid-Desert-Hot
32PPA_27,BWh Arid-Desert-Hot
32PPA_28,BWh Arid-Desert-Hot
32PPA_29,BWh Arid-Desert-Hot
32PQQ_00,Aw Tropical-Savanna
32PQQ_01,Aw Tropical-Savanna
32PQQ_02,Aw Tropical-Savanna
32PQQ_03,Aw Tropical-Savanna
32PQQ_04,Aw Tropical-Savanna
32PQQ_05,Aw Tropical-Savanna
32PQQ_06,Aw Tropical-Savanna
32PQQ_07,Aw Tropical-Savanna
32PQQ_08,Aw Tropical-Savanna
32PQQ_09,Aw Tropical-Savanna
32PQQ_10,Aw Tropical-Savanna
32PQQ_11,Aw Tropical-Savanna
32PQQ_12,Aw Tropical-Savanna
32PQQ_13,Aw Tropical-Savanna
32PQQ_14,Aw Tropical-Savanna
32PQQ_15,Aw Tropical-Savanna
32PQQ_16,Aw Tropical-Savanna
32PQQ_17,Aw Tropical-Savanna
32PQQ_18,Aw Tropical-Savanna
32PQQ_19,Aw Tropical-Savanna
32PQQ_20,Aw Tropical-Savanna
32PQQ_21,Aw Tropical-Savanna
32PQQ_22,Aw Tropical-Savanna
32PQQ_23,Aw Tropical-Savanna
32PQQ_24,Aw Tropical-Savanna
32PQQ_25,Aw Tropical-Savanna
32PQQ_26,Aw Tropical-Savanna
32PQQ_27,Aw Tropical-Savanna
32PQQ_28,Aw Tropical-Savanna
32PQQ_29,Aw Tropical-Savanna
32PRQ_00,Aw Tropical-Savanna
32PRQ_01,Aw Tropical-Savanna
32PRQ_02,Aw Tropical-Savanna
32PRQ_03,Aw Tropical-Savanna
32PRQ_04,Aw Tropical-Savanna
32PRQ_05,Aw Tropical-Savanna
32PRQ_06,Aw Tropical-Savanna
32PRQ_07,Aw Tropical-Savanna
32PRQ_08,Aw Tropical-Savanna
32PRQ_09,Aw Tropical-Savanna
32PRQ_10,Aw Tropical-Savanna
32PRQ_11,Aw Tropical-Savanna
32PRQ_12,Aw Tropical-Savanna
32PRQ_13,Aw Tropical-Savanna
32PRQ_14,Aw Tropical-Savanna
32PRQ_15,Aw Tropical-Savanna
32PRQ_16,Aw Tropical-Savanna
32PRQ_17,Aw Tropical-Savanna
32PRQ_18,Aw Tropical-Savanna
32PRQ_19,Aw Tropical-Savanna
32PRQ_20,Aw Tropical-Savanna
32PRQ_21,Aw Tropical-Savanna
32PRQ_22,Aw Tropical-Savanna
32PRQ_23,Aw Tropical-Savanna
32PRQ_24,Aw Tropical-Savanna
32PRQ_25,Aw Tropical-Savanna
32PRQ_26,Aw Tropical-Savanna
32PRQ_27,Aw Tropical-Savanna
32PRQ_28,Aw Tropical-Savanna
32PRQ_29,Aw Tropical-Savanna
33KUT_00,BWh Arid-Desert-Hot
33KUT_01,BWh Arid-Desert-Hot
33KUT_02,
33KUT_03,BWh Arid-Desert-Hot
33KUT_04,
33KUT_05,BWh Arid-Desert-Hot
33KUT_06,BWh Arid-Desert-Hot
33KUT_07,BWh Arid-Desert-Hot
33KUT_08,BWh Arid-Desert-Hot
33KUT_09,BWh Arid-Desert-Hot
33KUT_10,BWh Arid-Desert-Hot
33KUT_11,BWh Arid-Desert-Hot
33KUT_12,BWh Arid-Desert-Hot
33KUT_13,BWh Arid-Desert-Hot
33KUT_14,BWh Arid-Desert-Hot
33KUT_15,BWh Arid-Desert-Hot
33KUT_16,BWh Arid-Desert-Hot
33KUT_17,BWh Arid-Desert-Hot
33KUT_18,BWh Arid-Desert-Hot
33KUT_19,BWh Arid-Desert-Hot
33KUT_20,BWh Arid-Desert-Hot
33KUT_21,BWh Arid-Desert-Hot
33KUT_22,BWh Arid-Desert-Hot
33KUT_23,BWh Arid-Desert-Hot
33KUT_24,BWh Arid-Desert-Hot
33KUT_25,BWh Arid-Desert-Hot
33KUT_26,BWh Arid-Desert-Hot
33KUT_27,BWh Arid-Desert-Hot
33KUT_28,BWh Arid-Desert-Hot
33KUT_29,BWh Arid-Desert-Hot
33KVU_00,BSh Arid-Steppe-Hot
33KVU_01,BWh Arid-Desert-Hot
33KVU_02,BWh Arid-Desert-Hot
33KVU_03,BWh Arid-Desert-Hot
33KVU_04,BSh Arid-Steppe-Hot
33KVU_05,BSh Arid-Steppe-Hot
33KVU_06,BWh Arid-Desert-Hot
33KVU_07,BSh Arid-Steppe-Hot
33KVU_08,BSh Arid-Steppe-Hot
33KVU_09,BSh Arid-Steppe-Hot
33KVU_10,BWh Arid-Desert-Hot
33KVU_11,BWh Arid-Desert-Hot
33KVU_12,BWh Arid-Desert-Hot
33KVU_13,BWh Arid-Desert-Hot
33KVU_14,BWh Arid-Desert-Hot
33KVU_15,BWh Arid-Desert-Hot
33KVU_16,BWh Arid-Desert-Hot
33KVU_17,BSh Arid-Steppe-Hot
33KVU_18,BSh Arid-Steppe-Hot
33KVU_19,BWh Arid-Desert-Hot
33KVU_20,BWh Arid-Desert-Hot
33KVU_21,BSh Arid-Steppe-Hot
33KVU_22,BWh Arid-Desert-Hot
33KVU_23,BWh Arid-Desert-Hot
33KVU_24,BSh Arid-Steppe-Hot
33KVU_25,BWh Arid-Desert-Hot
33KVU_26,BWh Arid-Desert-Hot
33KVU_27,BSh Arid-Steppe-Hot
33KVU_28,BWh Arid-Desert-Hot
33KVU_29,BSh Arid-Steppe-Hot
33KXV_00,BSh Arid-Steppe-Hot
33KXV_01,BSh Arid-Steppe-Hot
33KXV_02,BSh Arid-Steppe-Hot
33KXV_03,BSh Arid-Steppe-Hot
33KXV_04,BSh Arid-Steppe-Hot
33KXV_05,BSh Arid-Steppe-Hot
33KXV_06,BSh Arid-Steppe-Hot
33KXV_07,BSh Arid-Steppe-Hot
33KXV_08,BSh Arid-Steppe-Hot
33KXV_09,BSh Arid-Steppe-Hot
33KXV_10,BSh Arid-Steppe-Hot
33KXV_11,BSh Arid-Steppe-Hot
33KXV_12,BSh Arid-Steppe-Hot
33KXV_13,BSh Arid-Steppe-Hot
33KXV_14,BSh Arid-Steppe-Hot
33KXV_15,BSh Arid-Steppe-Hot
33KXV_16,BSh Arid-Steppe-Hot
33KXV_17,BSh Arid-Steppe-Hot
33KXV_18,BSh Arid-Steppe-Hot
33KXV_19,BSh Arid-Steppe-Hot
33KXV_20,BSh Arid-Steppe-Hot
33KXV_21,BSh Arid-Steppe-Hot
33KXV_22,BSh Arid-Steppe-Hot
33KXV_23,BSh Arid-Steppe-Hot
33KXV_24,BSh Arid-Steppe-Hot
33KXV_25,BSh Arid-Steppe-Hot
33KXV_26,BSh Arid-Steppe-Hot
33KXV_27,BSh Arid-Steppe-Hot
33KXV_28,BSh Arid-Steppe-Hot
33KXV_29,BSh Arid-Steppe-Hot
33LUC_00,Cwb Temperate-Dry_Winter-Warm_Summer
33LUC_01,BSh Arid-Steppe-Hot
33LUC_02,BSh Arid-Steppe-Hot
33LUC_03,Cwb Temperate-Dry_Winter-Warm_Summer
33LUC_04,BSh Arid-Steppe-Hot
33LUC_05,BSh Arid-Steppe-Hot
33LUC_06,BSh Arid-Steppe-Hot
33LUC_07,BSh Arid-Steppe-Hot
33LUC_08,Cwb Temperate-Dry_Winter-Warm_Summer
33LUC_09,BSh Arid-Steppe-Hot
33LUC_10,BSh Arid-Steppe-Hot
33LUC_11,BSh Arid-Steppe-Hot
33LUC_12,Cwb Temperate-Dry_Winter-Warm_Summer
33LUC_13,BSh Arid-Steppe-Hot
33LUC_14,BSh Arid-Steppe-Hot
33LUC_15,BSh Arid-Steppe-Hot
33LUC_16,BSh Arid-Steppe-Hot
33LUC_17,BSh Arid-Steppe-Hot
33LUC_18,BSh Arid-Steppe-Hot
33LUC_19,BSh Arid-Steppe-Hot
33LUC_20,BSh Arid-Steppe-Hot
33LUC_21,BSh Arid-Steppe-Hot
33LUC_22,BSh Arid-Steppe-Hot
33LUC_23,BSh Arid-Steppe-Hot
33LUC_24,BSh Arid-Steppe-Hot
33LUC_25,Cwb Temperate-Dry_Winter-Warm_Summer
33LUC_26,Cwb Temperate-Dry_Winter-Warm_Summer
33LUC_27,BSh Arid-Steppe-Hot
33LUC_28,BSh Arid-Steppe-Hot
33LUC_29,Cwb Temperate-Dry_Winter-Warm_Summer
33LUD_00,Cwb Temperate-Dry_Winter-Warm_Summer
33LUD_01,Cwb Temperate-Dry_Winter-Warm_Summer
33LUD_02,BSh Arid-Steppe-Hot
33LUD_03,BSh Arid-Steppe-Hot
33LUD_04,Cwb Temperate-Dry_Winter-Warm_Summer
33LUD_05,BSh Arid-Steppe-Hot
33LUD_06,Cwb Temperate-Dry_Winter-Warm_Summer
33LUD_07,Cwb Temperate-Dry_Winter-Warm_Summer
33LUD_08,Cwb Temperate-Dry_Winter-Warm_Summer
33LUD_09,BSh Arid-Steppe-Hot
33LUD_10,Cwb Temperate-Dry_Winter-Warm_Summer
33LUD_11,Cwb Temperate-Dry_Winter-Warm_Summer
33LUD_12,Cwb Temperate-Dry_Winter-Warm_Summer
33LUD_13,Cwb Temperate-Dry_Winter-Warm_Summer
33LUD_14,Cwb Temperate-Dry_Winter-Warm_Summer
33LUD_15,Cwb Temperate-Dry_Winter-Warm_Summer
33LUD_16,Cwb Temperate-Dry_Winter-Warm_Summer
33LUD_17,Cwb Temperate-Dry_Winter-Warm_Summer
33LUD_18,Cwb Temperate-Dry_Winter-Warm_Summer
33LUD_19,Cwb Temperate-Dry_Winter-Warm_Summer
33LUD_20,Cwb Temperate-Dry_Winter-Warm_Summer
33LUD_21,Cwb Temperate-Dry_Winter-Warm_Summer
33LUD_22,Cwb Temperate-Dry_Winter-Warm_Summer
33LUD_23,Cwb Temperate-Dry_Winter-Warm_Summer
33LUD_24,Cwb Temperate-Dry_Winter-Warm_Summer
33LUD_25,Cwb Temperate-Dry_Winter-Warm_Summer
33LUD_26,Cwb Temperate-Dry_Winter-Warm_Summer
33LUD_27,Cwb Temperate-Dry_Winter-Warm_Summer
33LUD_28,Cwb Temperate-Dry_Winter-Warm_Summer
33LUD_29,Cwb Temperate-Dry_Winter-Warm_Summer
33LYE_00,Cwb Temperate-Dry_Winter-Warm_Summer
33LYE_01,Cwb Temperate-Dry_Winter-Warm_Summer
33LYE_02,Cwb Temperate-Dry_Winter-Warm_Summer
33LYE_03,Cwb Temperate-Dry_Winter-Warm_Summer
33LYE_04,Cwb Temperate-Dry_Winter-Warm_Summer
33LYE_05,Cwb Temperate-Dry_Winter-Warm_Summer
33LYE_06,Cwb Temperate-Dry_Winter-Warm_Summer
33LYE_07,Cwb Temperate-Dry_Winter-Warm_Summer
33LYE_08,Cwb Temperate-Dry_Winter-Warm_Summer
33LYE_09,Cwb Temperate-Dry_Winter-Warm_Summer
33LYE_10,Cwb Temperate-Dry_Winter-Warm_Summer
33LYE_11,Cwb Temperate-Dry_Winter-Warm_Summer
33LYE_12,Cwb Temperate-Dry_Winter-Warm_Summer
33LYE_13,Cwb Temperate-Dry_Winter-Warm_Summer
33LYE_14,Cwb Temperate-Dry_Winter-Warm_Summer
33LYE_15,Cwb Temperate-Dry_Winter-Warm_Summer
33LYE_16,Cwb Temperate-Dry_Winter-Warm_Summer
33LYE_17,Cwb Temperate-Dry_Winter-Warm_Summer
33LYE_18,Cwb Temperate-Dry_Winter-Warm_Summer
33LYE_19,Cwb Temperate-Dry_Winter-Warm_Summer
33LYE_20,Cwb Temperate-Dry_Winter-Warm_Summer
33LYE_21,Cwb Temperate-Dry_Winter-Warm_Summer
33LYE_22,Cwb Temperate-Dry_Winter-Warm_Summer
33LYE_23,Cwb Temperate-Dry_Winter-Warm_Summer
33LYE_24,Cwb Temperate-Dry_Winter-Warm_Summer
33LYE_25,Cwb Temperate-Dry_Winter-Warm_Summer
33LYE_26,Cwb Temperate-Dry_Winter-Warm_Summer
33LYE_27,Cwb Temperate-Dry_Winter-Warm_Summer
33LYE_28,Cwb Temperate-Dry_Winter-Warm_Summer
33LYE_29,Cwb Temperate-Dry_Winter-Warm_Summer
33MZM_00,Aw Tropical-Savanna
33MZM_01,Aw Tropical-Savanna
33MZM_02,Aw Tropical-Savanna
33MZM_03,Aw Tropical-Savanna
33MZM_04,Aw Tropical-Savanna
33MZM_05,Aw Tropical-Savanna
33MZM_06,Aw Tropical-Savanna
33MZM_07,Aw Tropical-Savanna
33MZM_08,Aw Tropical-Savanna
33MZM_09,Aw Tropical-Savanna
33MZM_10,Aw Tropical-Savanna
33MZM_11,Aw Tropical-Savanna
33MZM_12,Aw Tropical-Savanna
33MZM_13,Aw Tropical-Savanna
33MZM_14,Aw Tropical-Savanna
33MZM_15,Aw Tropical-Savanna
33MZM_16,Aw Tropical-Savanna
33MZM_17,Aw Tropical-Savanna
33MZM_18,Aw Tropical-Savanna
33MZM_19,Aw Tropical-Savanna
33MZM_20,Aw Tropical-Savanna
33MZM_21,Aw Tropical-Savanna
33MZM_22,Aw Tropical-Savanna
33MZM_23,Aw Tropical-Savanna
33MZM_24,Aw Tropical-Savanna
33MZM_25,Aw Tropical-Savanna
33MZM_26,Aw Tropical-Savanna
33MZM_27,Aw Tropical-Savanna
33MZM_28,Aw Tropical-Savanna
33MZM_29,Aw Tropical-Savanna
33PUQ_00,BWh Arid-Desert-Hot
33PUQ_01,BSh Arid-Steppe-Hot
33PUQ_02,BWh Arid-Desert-Hot
33PUQ_03,BWh Arid-Desert-Hot
33PUQ_04,BSh Arid-Steppe-Hot
33PUQ_05,BWh Arid-Desert-Hot
33PUQ_06,BWh Arid-Desert-Hot
33PUQ_07,BWh Arid-Desert-Hot
33PUQ_08,BWh Arid-Desert-Hot
33PUQ_09,BWh Arid-Desert-Hot
33PUQ_10,BWh Arid-Desert-Hot
33PUQ_11,BWh Arid-Desert-Hot
33PUQ_12,BWh Arid-Desert-Hot
33PUQ_13,BWh Arid-Desert-Hot
33PUQ_14,BWh Arid-Desert-Hot
33PUQ_15,BWh Arid-Desert-Hot
33PUQ_16,BWh Arid-Desert-Hot
33PUQ_17,BWh Arid-Desert-Hot
33PUQ_18,BSh Arid-Steppe-Hot
33PUQ_19,BSh Arid-Steppe-Hot
33PUQ_20,BWh Arid-Desert-Hot
33PUQ_21,BWh Arid-Desert-Hot
33PUQ_22,BWh Arid-Desert-Hot
33PUQ_23,BWh Arid-Desert-Hot
33PUQ_24,BWh Arid-Desert-Hot
33PUQ_25,BWh Arid-Desert-Hot
33PUQ_26,BWh Arid-Desert-Hot
33PUQ_27,BSh Arid-Steppe-Hot
33PUQ_28,BWh Arid-Desert-Hot
33PUQ_29,BWh Arid-Desert-Hot
33PWM_00,BSh Arid-Steppe-Hot
33PWM_01,BSh Arid-Steppe-Hot
33PWM_02,Aw Tropical-Savanna
33PWM_03,Aw Tropical-Savanna
33PWM_04,Aw Tropical-Savanna
33PWM_05,BSh Arid-Steppe-Hot
33PWM_06,Aw Tropical-Savanna
33PWM_07,Aw Tropical-Savanna
33PWM_08,BSh Arid-Steppe-Hot
33PWM_09,BSh Arid-Steppe-Hot
33PWM_10,BSh Arid-Steppe-Hot
33PWM_11,BSh Arid-Steppe-Hot
33PWM_12,Aw Tropical-Savanna
33PWM_13,Aw Tropical-Savanna
33PWM_14,Aw Tropical-Savanna
33PWM_15,Aw Tropical-Savanna
33PWM_16,BSh Arid-Steppe-Hot
33PWM_17,Aw Tropical-Savanna
33PWM_18,BSh Arid-Steppe-Hot
33PWM_19,Aw Tropical-Savanna
33PWM_20,Aw Tropical-Savanna
33PWM_21,BSh Arid-Steppe-Hot
33PWM_22,Aw Tropical-Savanna
33PWM_23,Aw Tropical-Savanna
33PWM_24,BSh Arid-Steppe-Hot
33PWM_25,BSh Arid-Steppe-Hot
33PWM_26,BSh Arid-Steppe-Hot
33PWM_27,BSh Arid-Steppe-Hot
33PWM_28,Aw Tropical-Savanna
33PWM_29,Aw Tropical-Savanna
33PWQ_00,BWh Arid-Desert-Hot
33PWQ_01,BWh Arid-Desert-Hot
33PWQ_02,BWh Arid-Desert-Hot
33PWQ_03,BWh Arid-Desert-Hot
33PWQ_04,BWh Arid-Desert-Hot
33PWQ_05,BWh Arid-Desert-Hot
33PWQ_06,BWh Arid-Desert-Hot
33PWQ_07,BWh Arid-Desert-Hot
33PWQ_08,BWh Arid-Desert-Hot
33PWQ_09,BWh Arid-Desert-Hot
33PWQ_10,BWh Arid-Desert-Hot
33PWQ_11,BSh Arid-Steppe-Hot
33PWQ_12,BWh Arid-Desert-Hot
33PWQ_13,BWh Arid-Desert-Hot
33PWQ_14,BWh Arid-Desert-Hot
33PWQ_15,BWh Arid-Desert-Hot
33PWQ_16,BWh Arid-Desert-Hot
33PWQ_17,BSh Arid-Steppe-Hot
33PWQ_18,BWh Arid-Desert-Hot
33PWQ_19,BWh Arid-Desert-Hot
33PWQ_20,BWh Arid-Desert-Hot
33PWQ_21,BSh Arid-Steppe-Hot
33PWQ_22,BWh Arid-Desert-Hot
33PWQ_23,BWh Arid-Desert-Hot
33PWQ_24,BWh Arid-Desert-Hot
33PWQ_25,BWh Arid-Desert-Hot
33PWQ_26,BWh Arid-Desert-Hot
33PWQ_27,BSh Arid-Steppe-Hot
33PWQ_28,BSh Arid-Steppe-Hot
33PWQ_29,BWh Arid-Desert-Hot
33RXQ_00,
33RXQ_01,BWh Arid-Desert-Hot
33RXQ_02,BWh Arid-Desert-Hot
33RXQ_03,
33RXQ_04,BWh Arid-Desert-Hot
33RXQ_05,BWh Arid-Desert-Hot
33RXQ_06,BWh Arid-Desert-Hot
33RXQ_07,BWh Arid-Desert-Hot
33RXQ_08,BWh Arid-Desert-Hot
33RXQ_09,
33RXQ_10,BWh Arid-Desert-Hot
33RXQ_11,BWh Arid-Desert-Hot
33RXQ_12,BWh Arid-Desert-Hot
33RXQ_13,BWh Arid-Desert-Hot
33RXQ_14,BWh Arid-Desert-Hot
33RXQ_15,BWh Arid-Desert-Hot
33RXQ_16,BWh Arid-Desert-Hot
33RXQ_17,BWh Arid-Desert-Hot
33RXQ_18,BWh Arid-Desert-Hot
33RXQ_19,BWh Arid-Desert-Hot
33RXQ_20,BWh Arid-Desert-Hot
33RXQ_21,BWh Arid-Desert-Hot
33RXQ_22,BWh Arid-Desert-Hot
33RXQ_23,BWh Arid-Desert-Hot
33RXQ_24,BWh Arid-Desert-Hot
33RXQ_25,BWh Arid-Desert-Hot
33RXQ_26,BWh Arid-Desert-Hot
33RXQ_27,BWh Arid-Desert-Hot
33RXQ_28,BWh Arid-Desert-Hot
33RXQ_29,BWh Arid-Desert-Hot
34JBL_00,
34JBL_01,BWk Arid-Desert-Cold
34JBL_02,BWk Arid-Desert-Cold
34JBL_03,BWk Arid-Desert-Cold
34JBL_04,BWk Arid-Desert-Cold
34JBL_05,BWk Arid-Desert-Cold
34JBL_06,BWk Arid-Desert-Cold
34JBL_07,BWk Arid-Desert-Cold
34JBL_08,BWk Arid-Desert-Cold
34JBL_09,BWk Arid-Desert-Cold
34JBL_10,BWk Arid-Desert-Cold
34JBL_11,BWk Arid-Desert-Cold
34JBL_12,BSk Arid-Steppe-Cold
34JBL_13,BWk Arid-Desert-Cold
34JBL_14,BWk Arid-Desert-Cold
34JBL_15,BWk Arid-Desert-Cold
34JBL_16,BWk Arid-Desert-Cold
34JBL_17,BWk Arid-Desert-Cold
34JBL_18,BWk Arid-Desert-Cold
34JBL_19,BWk Arid-Desert-Cold
34JBL_20,BWk Arid-Desert-Cold
34JBL_21,BWk Arid-Desert-Cold
34JBL_22,BSk Arid-Steppe-Cold
34JBL_23,BWk Arid-Desert-Cold
34JBL_24,BWk Arid-Desert-Cold
34JBL_25,BWk Arid-Desert-Cold
34JBL_26,BWk Arid-Desert-Cold
34JBL_27,BSk Arid-Steppe-Cold
34JBL_28,BWk Arid-Desert-Cold
34JBL_29,BWk Arid-Desert-Cold
34JHS_00,BSh Arid-Steppe-Hot
34JHS_01,BSh Arid-Steppe-Hot
34JHS_02,BSh Arid-Steppe-Hot
34JHS_03,BSh Arid-Steppe-Hot
34JHS_04,BSh Arid-Steppe-Hot
34JHS_05,BSh Arid-Steppe-Hot
34JHS_06,BSh Arid-Steppe-Hot
34JHS_07,BSh Arid-Steppe-Hot
34JHS_08,BSh Arid-Steppe-Hot
34JHS_09,BSh Arid-Steppe-Hot
34JHS_10,BSh Arid-Steppe-Hot
34JHS_11,BSh Arid-Steppe-Hot
34JHS_12,BSh Arid-Steppe-Hot
34JHS_13,BSh Arid-Steppe-Hot
34JHS_14,BSh Arid-Steppe-Hot
34JHS_15,BSh Arid-Steppe-Hot
34JHS_16,BSh Arid-Steppe-Hot
34JHS_17,BSh Arid-Steppe-Hot
34JHS_18,BSh Arid-Steppe-Hot
34JHS_19,BSh Arid-Steppe-Hot
34JHS_20,BSh Arid-Steppe-Hot
34JHS_21,BSh Arid-Steppe-Hot
34JHS_22,BSh Arid-Steppe-Hot
34JHS_23,BSh Arid-Steppe-Hot
34JHS_24,BSh Arid-Steppe-Hot
34JHS_25,BSh Arid-Steppe-Hot
34JHS_26,BSh Arid-Steppe-Hot
34JHS_27,BSh Arid-Steppe-Hot
34JHS_28,BSh Arid-Steppe-Hot
34JHS_29,BSh Arid-Steppe-Hot
34KEV_00,BWh Arid-Desert-Hot
34KEV_01,BSh Arid-Steppe-Hot
34KEV_02,BSh Arid-Steppe-Hot
34KEV_03,BSh Arid-Steppe-Hot
34KEV_04,BWh Arid-Desert-Hot
34KEV_05,BSh Arid-Steppe-Hot
34KEV_06,BSh Arid-Steppe-Hot
34KEV_07,BWh Arid-Desert-Hot
34KEV_08,BSh Arid-Steppe-Hot
34KEV_09,BWh Arid-Desert-Hot
34KEV_10,BSh Arid-Steppe-Hot
34KEV_11,BSh Arid-Steppe-Hot
34KEV_12,BSh Arid-Steppe-Hot
34KEV_13,BSh Arid-Steppe-Hot
34KEV_14,BSh Arid-Steppe-Hot
34KEV_15,BSh Arid-Steppe-Hot
34KEV_16,BWh Arid-Desert-Hot
34KEV_17,BSh Arid-Steppe-Hot
34KEV_18,BSh Arid-Steppe-Hot
34KEV_19,BSh Arid-Steppe-Hot
34KEV_20,BSh Arid-Steppe-Hot
34KEV_21,BSh Arid-Steppe-Hot
34KEV_22,BSh Arid-Steppe-Hot
34KEV_23,BSh Arid-Steppe-Hot
34KEV_24,BWh Arid-Desert-Hot
34KEV_25,BSh Arid-Steppe-Hot
34KEV_26,BSh Arid-Steppe-Hot
34KEV_27,BSh Arid-Steppe-Hot
34KEV_28,BSh Arid-Steppe-Hot
34KEV_29,BSh Arid-Steppe-Hot
34LHJ_00,Aw Tropical-Savanna
34LHJ_01,Cwa Temperate-Dry_Winter-Hot_Summer
34LHJ_02,Cwa Temperate-Dry_Winter-Hot_Summer
34LHJ_03,Aw Tropical-Savanna
34LHJ_04,Cwa Temperate-Dry_Winter-Hot_Summer
34LHJ_05,Cwa Temperate-Dry_Winter-Hot_Summer
34LHJ_06,Cwa Temperate-Dry_Winter-Hot_Summer
34LHJ_07,Cwa Temperate-Dry_Winter-Hot_Summer
34LHJ_08,Cwa Temperate-Dry_Winter-Hot_Summer
34LHJ_09,Aw Tropical-Savanna
34LHJ_10,Cwa Temperate-Dry_Winter-Hot_Summer
34LHJ_11,Cwa Temperate-Dry_Winter-Hot_Summer
34LHJ_12,Aw Tropical-Savanna
34LHJ_13,Cwa Temperate-Dry_Winter-Hot_Summer
34LHJ_14,Cwa Temperate-Dry_Winter-Hot_Summer
34LHJ_15,Aw Tropical-Savanna
34LHJ_16,Cwa Temperate-Dry_Winter-Hot_Summer
34LHJ_17,Aw Tropical-Savanna
34LHJ_18,Aw Tropical-Savanna
34LHJ_19,Aw Tropical-Savanna
34LHJ_20,Aw Tropical-Savanna
34LHJ_21,Aw Tropical-Savanna
34LHJ_22,Cwa Temperate-Dry_Winter-Hot_Summer
34LHJ_23,Cwa Temperate-Dry_Winter-Hot_Summer
34LHJ_24,Cwa Temperate-Dry_Winter-Hot_Summer
34LHJ_25,Cwa Temperate-Dry_Winter-Hot_Summer
34LHJ_26,Cwa Temperate-Dry_Winter-Hot_Summer
34LHJ_27,Cwa Temperate-Dry_Winter-Hot_Summer
34LHJ_28,Cwa Temperate-Dry_Winter-Hot_Summer
34LHJ_29,Cwa Temperate-Dry_Winter-Hot_Summer
34MBC_00,Aw Tropical-Savanna
34MBC_01,Am Tropical-Monsoon
34MBC_02,Am Tropical-Monsoon
34MBC_03,Am Tropical-Monsoon
34MBC_04,Am Tropical-Monsoon
34MBC_05,Am Tropical-Monsoon
34MBC_06,Am Tropical-Monsoon
34MBC_07,Am Tropical-Monsoon
34MBC_08,Am Tropical-Monsoon
34MBC_09,Aw Tropical-Savanna
34MBC_10,Am Tropical-Monsoon
34MBC_11,Am Tropical-Monsoon
34MBC_12,Am Tropical-Monsoon
34MBC_13,Am Tropical-Monsoon
34MBC_14,Am Tropical-Monsoon
34MBC_15,Aw Tropical-Savanna
34MBC_16,Am Tropical-Monsoon
34MBC_17,Am Tropical-Monsoon
34MBC_18,Am Tropical-Monsoon
34MBC_19,Am Tropical-Monsoon
34MBC_20,Am Tropical-Monsoon
34MBC_21,Am Tropical-Monsoon
34MBC_22,Aw Tropical-Savanna
34MBC_23,Am Tropical-Monsoon
34MBC_24,Am Tropical-Monsoon
34MBC_25,Aw Tropical-Savanna
34MBC_26,Am Tropical-Monsoon
34MBC_27,Am Tropical-Monsoon
34MBC_28,Aw Tropical-Savanna
34MBC_29,Aw Tropical-Savanna
34MBD_00,Am Tropical-Monsoon
34MBD_01,Am Tropical-Monsoon
34MBD_02,Af Tropical-Rainforest
34MBD_03,Am Tropical-Monsoon
34MBD_04,Am Tropical-Monsoon
34MBD_05,Am Tropical-Monsoon
34MBD_06,Af Tropical-Rainforest
34MBD_07,Am Tropical-Monsoon
34MBD_08,Am Tropical-Monsoon
34MBD_09,Am Tropical-Monsoon
34MBD_10,Am Tropical-Monsoon
34MBD_11,Am Tropical-Monsoon
34MBD_12,Am Tropical-Monsoon
34MBD_13,Af Tropical-Rainforest
34MBD_14,Am Tropical-Monsoon
34MBD_15,Af Tropical-Rainforest
34MBD_16,Af Tropical-Rainforest
34MBD_17,Am Tropical-Monsoon
34MBD_18,Af Tropical-Rainforest
34MBD_19,Am Tropical-Monsoon
34MBD_20,Af Tropical-Rainforest
34MBD_21,Am Tropical-Monsoon
34MBD_22,Am Tropical-Monsoon
34MBD_23,Af Tropical-Rainforest
34MBD_24,Am Tropical-Monsoon
34MBD_25,Af Tropical-Rainforest
34MBD_26,Af Tropical-Rainforest
34MBD_27,Am Tropical-Monsoon
34MBD_28,Af Tropical-Rainforest
34MBD_29,Am Tropical-Monsoon
34MDU_00,Aw Tropical-Savanna
34MDU_01,Aw Tropical-Savanna
34MDU_02,Aw Tropical-Savanna
34MDU_03,Aw Tropical-Savanna
34MDU_04,Aw Tropical-Savanna
34MDU_05,Aw Tropical-Savanna
34MDU_06,Aw Tropical-Savanna
34MDU_07,Aw Tropical-Savanna
34MDU_08,Aw Tropical-Savanna
34MDU_09,Aw Tropical-Savanna
34MDU_10,Aw Tropical-Savanna
34MDU_11,Aw Tropical-Savanna
34MDU_12,Aw Tropical-Savanna
34MDU_13,Aw Tropical-Savanna
34MDU_14,Aw Tropical-Savanna
34MDU_15,Aw Tropical-Savanna
34MDU_16,Aw Tropical-Savanna
34MDU_17,Aw Tropical-Savanna
34MDU_18,Aw Tropical-Savanna
34MDU_19,Aw Tropical-Savanna
34MDU_20,Aw Tropical-Savanna
34MDU_21,Aw Tropical-Savanna
34MDU_22,Aw Tropical-Savanna
34MDU_23,Aw Tropical-Savanna
34MDU_24,Aw Tropical-Savanna
34MDU_25,Aw Tropical-Savanna
34MDU_26,Aw Tropical-Savanna
34MDU_27,Aw Tropical-Savanna
34MDU_28,Aw Tropical-Savanna
34MDU_29,Aw Tropical-Savanna
34MEC_00,Af Tropical-Rainforest
34MEC_01,Af Tropical-Rainforest
34MEC_02,Af Tropical-Rainforest
34MEC_03,Af Tropical-Rainforest
34MEC_04,Af Tropical-Rainforest
34MEC_05,Af Tropical-Rainforest
34MEC_06,Af Tropical-Rainforest
34MEC_07,Af Tropical-Rainforest
34MEC_08,Af Tropical-Rainforest
34MEC_09,Af Tropical-Rainforest
34MEC_10,Af Tropical-Rainforest
34MEC_11,Af Tropical-Rainforest
34MEC_12,Af Tropical-Rainforest
34MEC_13,Af Tropical-Rainforest
34MEC_14,Af Tropical-Rainforest
34MEC_15,Af Tropical-Rainforest
34MEC_16,Af Tropical-Rainforest
34MEC_17,Af Tropical-Rainforest
34MEC_18,Af Tropical-Rainforest
34MEC_19,Af Tropical-Rainforest
34MEC_20,Af Tropical-Rainforest
34MEC_21,Af Tropical-Rainforest
34MEC_22,Af Tropical-Rainforest
34MEC_23,Af Tropical-Rainforest
34MEC_24,Af Tropical-Rainforest
34MEC_25,Af Tropical-Rainforest
34MEC_26,Af Tropical-Rainforest
34MEC_27,Af Tropical-Rainforest
34MEC_28,Af Tropical-Rainforest
34MEC_29,Af Tropical-Rainforest
34NBK_00,Aw Tropical-Savanna
34NBK_01,Aw Tropical-Savanna
34NBK_02,Aw Tropical-Savanna
34NBK_03,Aw Tropical-Savanna
34NBK_04,Aw Tropical-Savanna
34NBK_05,Aw Tropical-Savanna
34NBK_06,Aw Tropical-Savanna
34NBK_07,Aw Tropical-Savanna
34NBK_08,Aw Tropical-Savanna
34NBK_09,Aw Tropical-Savanna
34NBK_10,Aw Tropical-Savanna
34NBK_11,Aw Tropical-Savanna
34NBK_12,Aw Tropical-Savanna
34NBK_13,Aw Tropical-Savanna
34NBK_14,Aw Tropical-Savanna
34NBK_15,Aw Tropical-Savanna
34NBK_16,Aw Tropical-Savanna
34NBK_17,Aw Tropical-Savanna
34NBK_18,Aw Tropical-Savanna
34NBK_19,Aw Tropical-Savanna
34NBK_20,Aw Tropical-Savanna
34NBK_21,Aw Tropical-Savanna
34NBK_22,Aw Tropical-Savanna
34NBK_23,Aw Tropical-Savanna
34NBK_24,Aw Tropical-Savanna
34NBK_25,Aw Tropical-Savanna
34NBK_26,Aw Tropical-Savanna
34NBK_27,Aw Tropical-Savanna
34NBK_28,Aw Tropical-Savanna
34NBK_29,Aw Tropical-Savanna
34NBP_00,Aw Tropical-Savanna
34NBP_01,Aw Tropical-Savanna
34NBP_02,Aw Tropical-Savanna
34NBP_03,Aw Tropical-Savanna
34NBP_04,Aw Tropical-Savanna
34NBP_05,Aw Tropical-Savanna
34NBP_06,Aw Tropical-Savanna
34NBP_07,Aw Tropical-Savanna
34NBP_08,Aw Tropical-Savanna
34NBP_09,Aw Tropical-Savanna
34NBP_10,Aw Tropical-Savanna
34NBP_11,Aw Tropical-Savanna
34NBP_12,Aw Tropical-Savanna
34NBP_13,Aw Tropical-Savanna
34NBP_14,Aw Tropical-Savanna
34NBP_15,Aw Tropical-Savanna
34NBP_16,Aw Tropical-Savanna
34NBP_17,Aw Tropical-Savanna
34NBP_18,Aw Tropical-Savanna
34NBP_19,Aw Tropical-Savanna
34NBP_20,Aw Tropical-Savanna
34NBP_21,Aw Tropical-Savanna
34NBP_22,Aw Tropical-Savanna
34NBP_23,Aw Tropical-Savanna
34NBP_24,Aw Tropical-Savanna
34NBP_25,Aw Tropical-Savanna
34NBP_26,Aw Tropical-Savanna
34NBP_27,Aw Tropical-Savanna
34NBP_28,Aw Tropical-Savanna
34NBP_29,Aw Tropical-Savanna
34NCG_00,Am Tropical-Monsoon
34NCG_01,Af Tropical-Rainforest
34NCG_02,Af Tropical-Rainforest
34NCG_03,Af Tropical-Rainforest
34NCG_04,Af Tropical-Rainforest
34NCG_05,Af Tropical-Rainforest
34NCG_06,Af Tropical-Rainforest
34NCG_07,Af Tropical-Rainforest
34NCG_08,Af Tropical-Rainforest
34NCG_09,Af Tropical-Rainforest
34NCG_10,Af Tropical-Rainforest
34NCG_11,Af Tropical-Rainforest
34NCG_12,Af Tropical-Rainforest
34NCG_13,Af Tropical-Rainforest
34NCG_14,Af Tropical-Rainforest
34NCG_15,Af Tropical-Rainforest
34NCG_16,Af Tropical-Rainforest
34NCG_17,Af Tropical-Rainforest
34NCG_18,Af Tropical-Rainforest
34NCG_19,Af Tropical-Rainforest
34NCG_20,Af Tropical-Rainforest
34NCG_21,Af Tropical-Rainforest
34NCG_22,Af Tropical-Rainforest
34NCG_23,Af Tropical-Rainforest
34NCG_24,Af Tropical-Rainforest
34NCG_25,Af Tropical-Rainforest
34NCG_26,Af Tropical-Rainforest
34NCG_27,Af Tropical-Rainforest
34NCG_28,Af Tropical-Rainforest
34NCG_29,Af Tropical-Rainforest
34NGK_00,Aw Tropical-Savanna
34NGK_01,Aw Tropical-Savanna
34NGK_02,Aw Tropical-Savanna
34NGK_03,Aw Tropical-Savanna
34NGK_04,Aw Tropical-Savanna
34NGK_05,Aw Tropical-Savanna
34NGK_06,Aw Tropical-Savanna
34NGK_07,Aw Tropical-Savanna
34NGK_08,Aw Tropical-Savanna
34NGK_09,Aw Tropical-Savanna
34NGK_10,Aw Tropical-Savanna
34NGK_11,Aw Tropical-Savanna
34NGK_12,Aw Tropical-Savanna
34NGK_13,Aw Tropical-Savanna
34NGK_14,Aw Tropical-Savanna
34NGK_15,Aw Tropical-Savanna
34NGK_16,Aw Tropical-Savanna
34NGK_17,Aw Tropical-Savanna
34NGK_18,Aw Tropical-Savanna
34NGK_19,Aw Tropical-Savanna
34NGK_20,Aw Tropical-Savanna
34NGK_21,Aw Tropical-Savanna
34NGK_22,Aw Tropical-Savanna
34NGK_23,Aw Tropical-Savanna
34NGK_24,Aw Tropical-Savanna
34NGK_25,Aw Tropical-Savanna
34NGK_26,Aw Tropical-Savanna
34NGK_27,Aw Tropical-Savanna
34NGK_28,Aw Tropical-Savanna
34NGK_29,Aw Tropical-Savanna
34PDA_00,BSh Arid-Steppe-Hot
34PDA_01,BSh Arid-Steppe-Hot
34PDA_02,BWh Arid-Desert-Hot
34PDA_03,BSh Arid-Steppe-Hot
34PDA_04,BSh Arid-Steppe-Hot
34PDA_05,BSh Arid-Steppe-Hot
34PDA_06,BWh Arid-Desert-Hot
34PDA_07,BWh Arid-Desert-Hot
34PDA_08,BSh Arid-Steppe-Hot
34PDA_09,BWh Arid-Desert-Hot
34PDA_10,BSh Arid-Steppe-Hot
34PDA_11,BWh Arid-Desert-Hot
34PDA_12,BWh Arid-Desert-Hot
34PDA_13,BWh Arid-Desert-Hot
34PDA_14,BWh Arid-Desert-Hot
34PDA_15,BSh Arid-Steppe-Hot
34PDA_16,BWh Arid-Desert-Hot
34PDA_17,BWh Arid-Desert-Hot
34PDA_18,BSh Arid-Steppe-Hot
34PDA_19,BSh Arid-Steppe-Hot
34PDA_20,BSh Arid-Steppe-Hot
34PDA_21,BSh Arid-Steppe-Hot
34PDA_22,BSh Arid-Steppe-Hot
34PDA_23,BWh Arid-Desert-Hot
34PDA_24,BWh Arid-Desert-Hot
34PDA_25,BWh Arid-Desert-Hot
34PDA_26,BSh Arid-Steppe-Hot
34PDA_27,BSh Arid-Steppe-Hot
34PDA_28,BSh Arid-Steppe-Hot
34PDA_29,BSh Arid-Steppe-Hot
35JKL_00,BSh Arid-Steppe-Hot
35JKL_01,BSh Arid-Steppe-Hot
35JKL_02,BSh Arid-Steppe-Hot
35JKL_03,BSh Arid-Steppe-Hot
35JKL_04,BSh Arid-Steppe-Hot
35JKL_05,BSh Arid-Steppe-Hot
35JKL_06,BSh Arid-Steppe-Hot
35JKL_07,BSh Arid-Steppe-Hot
35JKL_08,BSh Arid-Steppe-Hot
35JKL_09,BSh Arid-Steppe-Hot
35JKL_10,BSh Arid-Steppe-Hot
35JKL_11,BSh Arid-Steppe-Hot
35JKL_12,BSh Arid-Steppe-Hot
35JKL_13,BSh Arid-Steppe-Hot
35JKL_14,BSh Arid-Steppe-Hot
35JKL_15,BSh Arid-Steppe-Hot
35JKL_16,BSh Arid-Steppe-Hot
35JKL_17,BSh Arid-Steppe-Hot
35JKL_18,BSh Arid-Steppe-Hot
35JKL_19,BSh Arid-Steppe-Hot
35JKL_20,BSh Arid-Steppe-Hot
35JKL_21,BSh Arid-Steppe-Hot
35JKL_22,BSh Arid-Steppe-Hot
35JKL_23,BSh Arid-Steppe-Hot
35JKL_24,BSh Arid-Steppe-Hot
35JKL_25,BSh Arid-Steppe-Hot
35JKL_26,BSh Arid-Steppe-Hot
35JKL_27,BSh Arid-Steppe-Hot
35JKL_28,BSh Arid-Steppe-Hot
35JKL_29,BSh Arid-Steppe-Hot
35JNN_00,Cwa Temperate-Dry_Winter-Hot_Summer
35JNN_01,BSh Arid-Steppe-Hot
35JNN_02,BSh Arid-Steppe-Hot
35JNN_03,BSh Arid-Steppe-Hot
35JNN_04,BSh Arid-Steppe-Hot
35JNN_05,BSh Arid-Steppe-Hot
35JNN_06,BSh Arid-Steppe-Hot
35JNN_07,BSh Arid-Steppe-Hot
35JNN_08,Cwa Temperate-Dry_Winter-Hot_Summer
35JNN_09,BSh Arid-Steppe-Hot
35JNN_10,BSh Arid-Steppe-Hot
35JNN_11,BSh Arid-Steppe-Hot
35JNN_12,BSh Arid-Steppe-Hot
35JNN_13,BSh Arid-Steppe-Hot
35JNN_14,BSh Arid-Steppe-Hot
35JNN_15,Cwa Temperate-Dry_Winter-Hot_Summer
35JNN_16,BSh Arid-Steppe-Hot
35JNN_17,BSh Arid-Steppe-Hot
35JNN_18,Cwa Temperate-Dry_Winter-Hot_Summer
35JNN_19,Cwa Temperate-Dry_Winter-Hot_Summer
35JNN_20,Cwa Temperate-Dry_Winter-Hot_Summer
35JNN_21,Cwa Temperate-Dry_Winter-Hot_Summer
35JNN_22,Cwa Temperate-Dry_Winter-Hot_Summer
35JNN_23,BSh Arid-Steppe-Hot
35JNN_24,BSh Arid-Steppe-Hot
35JNN_25,BSh Arid-Steppe-Hot
35JNN_26,BSh Arid-Steppe-Hot
35JNN_27,Cwa Temperate-Dry_Winter-Hot_Summer
35JNN_28,BSh Arid-Steppe-Hot
35JNN_29,Cwa Temperate-Dry_Winter-Hot_Summer
35JQG_00,Cfb Temperate-Withouth_dry_season-Warm_Summer
35JQG_01,Cfb Temperate-Withouth_dry_season-Warm_Summer
35JQG_02,Cfb Temperate-Withouth_dry_season-Warm_Summer
35JQG_03,Cwb Temperate-Dry_Winter-Warm_Summer
35JQG_04,Cwb Temperate-Dry_Winter-Warm_Summer
35JQG_05,Cwb Temperate-Dry_Winter-Warm_Summer
35JQG_06,Cwb Temperate-Dry_Winter-Warm_Summer
35JQG_07,Cfb Temperate-Withouth_dry_season-Warm_Summer
35JQG_08,Cwb Temperate-Dry_Winter-Warm_Summer
35JQG_09,Cwb Temperate-Dry_Winter-Warm_Summer
35JQG_10,Cfb Temperate-Withouth_dry_season-Warm_Summer
35JQG_11,Cfb Temperate-Withouth_dry_season-Warm_Summer
35JQG_12,Cfb Temperate-Withouth_dry_season-Warm_Summer
35JQG_13,Cwb Temperate-Dry_Winter-Warm_Summer
35JQG_14,Cwb Temperate-Dry_Winter-Warm_Summer
35JQG_15,Cwb Temperate-Dry_Winter-Warm_Summer
35JQG_16,Cwb Temperate-Dry_Winter-Warm_Summer
35JQG_17,Cfa Temperate-Withouth_dry_season-Hot_Summer
35JQG_18,Cfb Temperate-Withouth_dry_season-Warm_Summer
35JQG_19,Cwb Temperate-Dry_Winter-Warm_Summer
35JQG_20,Cwb Temperate-Dry_Winter-Warm_Summer
35JQG_21,Cwb Temperate-Dry_Winter-Warm_Summer
35JQG_22,Cwb Temperate-Dry_Winter-Warm_Summer
35JQG_23,Cwb Temperate-Dry_Winter-Warm_Summer
35JQG_24,Cwb Temperate-Dry_Winter-Warm_Summer
35JQG_25,Cwb Temperate-Dry_Winter-Warm_Summer
35JQG_26,Cfa Temperate-Withouth_dry_season-Hot_Summer
35JQG_27,Cwb Temperate-Dry_Winter-Warm_Summer
35JQG_28,Cfb Temperate-Withouth_dry_season-Warm_Summer
35JQG_29,Cfb Temperate-Withouth_dry_season-Warm_Summer
35KKP_00,BSh Arid-Steppe-Hot
35KKP_01,BSh Arid-Steppe-Hot
35KKP_02,BSh Arid-Steppe-Hot
35KKP_03,BSh Arid-Steppe-Hot
35KKP_04,BSh Arid-Steppe-Hot
35KKP_05,BSh Arid-Steppe-Hot
35KKP_06,BSh Arid-Steppe-Hot
35KKP_07,BSh Arid-Steppe-Hot
35KKP_08,BSh Arid-Steppe-Hot
35KKP_09,BSh Arid-Steppe-Hot
35KKP_10,BSh Arid-Steppe-Hot
35KKP_11,BSh Arid-Steppe-Hot
35KKP_12,BSh Arid-Steppe-Hot
35KKP_13,BSh Arid-Steppe-Hot
35KKP_14,BSh Arid-Steppe-Hot
35KKP_15,BSh Arid-Steppe-Hot
35KKP_16,BSh Arid-Steppe-Hot
35KKP_17,BSh Arid-Steppe-Hot
35KKP_18,BSh Arid-Steppe-Hot
35KKP_19,BSh Arid-Steppe-Hot
35KKP_20,BSh Arid-Steppe-Hot
35KKP_21,BSh Arid-Steppe-Hot
35KKP_22,BSh Arid-Steppe-Hot
35KKP_23,BSh Arid-Steppe-Hot
35KKP_24,BSh Arid-Steppe-Hot
35KKP_25,BSh Arid-Steppe-Hot
35KKP_26,BSh Arid-Steppe-Hot
35KKP_27,BSh Arid-Steppe-Hot
35KKP_28,BSh Arid-Steppe-Hot
35KKP_29,BSh Arid-Steppe-Hot
35KNT_00,BSh Arid-Steppe-Hot
35KNT_01,BSh Arid-Steppe-Hot
35KNT_02,BSh Arid-Steppe-Hot
35KNT_03,BSh Arid-Steppe-Hot
35KNT_04,BSh Arid-Steppe-Hot
35KNT_05,BSh Arid-Steppe-Hot
35KNT_06,BSh Arid-Steppe-Hot
35KNT_07,BSh Arid-Steppe-Hot
35KNT_08,BSh Arid-Steppe-Hot
35KNT_09,BSh Arid-Steppe-Hot
35KNT_10,BSh Arid-Steppe-Hot
35KNT_11,BSh Arid-Steppe-Hot
35KNT_12,BSh Arid-Steppe-Hot
35KNT_13,BSh Arid-Steppe-Hot
35KNT_14,BSh Arid-Steppe-Hot
35KNT_15,BSh Arid-Steppe-Hot
35KNT_16,BSh Arid-Steppe-Hot
35KNT_17,BSh Arid-Steppe-Hot
35KNT_18,BSh Arid-Steppe-Hot
35KNT_19,BSh Arid-Steppe-Hot
35KNT_20,BSh Arid-Steppe-Hot
35KNT_21,BSh Arid-Steppe-Hot
35KNT_22,BSh Arid-Steppe-Hot
35KNT_23,BSh Arid-Steppe-Hot
35KNT_24,BSh Arid-Steppe-Hot
35KNT_25,BSh Arid-Steppe-Hot
35KNT_26,BSh Arid-Steppe-Hot
35KNT_27,BSh Arid-Steppe-Hot
35KNT_28,BSh Arid-Steppe-Hot
35KNT_29,BSh Arid-Steppe-Hot
35LMC_00,Cwa Temperate-Dry_Winter-Hot_Summer
35LMC_01,Cwa Temperate-Dry_Winter-Hot_Summer
35LMC_02,Cwa Temperate-Dry_Winter-Hot_Summer
35LMC_03,Cwa Temperate-Dry_Winter-Hot_Summer
35LMC_04,Cwa Temperate-Dry_Winter-Hot_Summer
35LMC_05,Cwa Temperate-Dry_Winter-Hot_Summer
35LMC_06,Cwa Temperate-Dry_Winter-Hot_Summer
35LMC_07,Cwa Temperate-Dry_Winter-Hot_Summer
35LMC_08,Cwa Temperate-Dry_Winter-Hot_Summer
35LMC_09,Cwa Temperate-Dry_Winter-Hot_Summer
35LMC_10,Cwa Temperate-Dry_Winter-Hot_Summer
35LMC_11,Cwa Temperate-Dry_Winter-Hot_Summer
35LMC_12,Cwa Temperate-Dry_Winter-Hot_Summer
35LMC_13,Cwa Temperate-Dry_Winter-Hot_Summer
35LMC_14,Cwa Temperate-Dry_Winter-Hot_Summer
35LMC_15,Cwa Temperate-Dry_Winter-Hot_Summer
35LMC_16,Cwa Temperate-Dry_Winter-Hot_Summer
35LMC_17,Cwa Temperate-Dry_Winter-Hot_Summer
35LMC_18,Cwa Temperate-Dry_Winter-Hot_Summer
35LMC_19,Cwa Temperate-Dry_Winter-Hot_Summer
35LMC_20,Cwa Temperate-Dry_Winter-Hot_Summer
35LMC_21,Cwa Temperate-Dry_Winter-Hot_Summer
35LMC_22,Cwa Temperate-Dry_Winter-Hot_Summer
35LMC_23,Cwa Temperate-Dry_Winter-Hot_Summer
35LMC_24,Cwa Temperate-Dry_Winter-Hot_Summer
35LMC_25,Cwa Temperate-Dry_Winter-Hot_Summer
35LMC_26,Cwa Temperate-Dry_Winter-Hot_Summer
35LMC_27,Cwa Temperate-Dry_Winter-Hot_Summer
35LMC_28,Cwa Temperate-Dry_Winter-Hot_Summer
35LMC_29,Cwa Temperate-Dry_Winter-Hot_Summer
35LNF_00,Cwa Temperate-Dry_Winter-Hot_Summer
35LNF_01,Cwa Temperate-Dry_Winter-Hot_Summer
35LNF_02,Cwa Temperate-Dry_Winter-Hot_Summer
35LNF_03,Cwa Temperate-Dry_Winter-Hot_Summer
35LNF_04,Cwa Temperate-Dry_Winter-Hot_Summer
35LNF_05,Cwa Temperate-Dry_Winter-Hot_Summer
35LNF_06,Cwa Temperate-Dry_Winter-Hot_Summer
35LNF_07,Cwa Temperate-Dry_Winter-Hot_Summer
35LNF_08,Cwa Temperate-Dry_Winter-Hot_Summer
35LNF_09,Cwa Temperate-Dry_Winter-Hot_Summer
35LNF_10,Cwa Temperate-Dry_Winter-Hot_Summer
35LNF_11,Cwa Temperate-Dry_Winter-Hot_Summer
35LNF_12,Cwa Temperate-Dry_Winter-Hot_Summer
35LNF_13,Cwa Temperate-Dry_Winter-Hot_Summer
35LNF_14,Cwa Temperate-Dry_Winter-Hot_Summer
35LNF_15,Cwa Temperate-Dry_Winter-Hot_Summer
35LNF_16,Cwa Temperate-Dry_Winter-Hot_Summer
35LNF_17,Cwa Temperate-Dry_Winter-Hot_Summer
35LNF_18,Cwa Temperate-Dry_Winter-Hot_Summer
35LNF_19,Cwa Temperate-Dry_Winter-Hot_Summer
35LNF_20,Cwa Temperate-Dry_Winter-Hot_Summer
35LNF_21,Cwa Temperate-Dry_Winter-Hot_Summer
35LNF_22,Cwa Temperate-Dry_Winter-Hot_Summer
35LNF_23,Cwa Temperate-Dry_Winter-Hot_Summer
35LNF_24,Cwa Temperate-Dry_Winter-Hot_Summer
35LNF_25,Cwa Temperate-Dry_Winter-Hot_Summer
35LNF_26,Cwa Temperate-Dry_Winter-Hot_Summer
35LNF_27,Cwa Temperate-Dry_Winter-Hot_Summer
35LNF_28,Cwa Temperate-Dry_Winter-Hot_Summer
35LNF_29,Cwa Temperate-Dry_Winter-Hot_Summer
35MNT_00,Aw Tropical-Savanna
35MNT_01,Aw Tropical-Savanna
35MNT_02,Aw Tropical-Savanna
35MNT_03,Aw Tropical-Savanna
35MNT_04,Aw Tropical-Savanna
35MNT_05,Aw Tropical-Savanna
35MNT_06,Aw Tropical-Savanna
35MNT_07,Aw Tropical-Savanna
35MNT_08,Aw Tropical-Savanna
35MNT_09,Aw Tropical-Savanna
35MNT_10,Aw Tropical-Savanna
35MNT_11,Am Tropical-Monsoon
35MNT_12,Aw Tropical-Savanna
35MNT_13,Aw Tropical-Savanna
35MNT_14,Aw Tropical-Savanna
35MNT_15,Aw Tropical-Savanna
35MNT_16,Aw Tropical-Savanna
35MNT_17,Aw Tropical-Savanna
35MNT_18,Aw Tropical-Savanna
35MNT_19,Aw Tropical-Savanna
35MNT_20,Aw Tropical-Savanna
35MNT_21,Aw Tropical-Savanna
35MNT_22,Aw Tropical-Savanna
35MNT_23,Aw Tropical-Savanna
35MNT_24,Am Tropical-Monsoon
35MNT_25,Aw Tropical-Savanna
35MNT_26,Aw Tropical-Savanna
35MNT_27,Aw Tropical-Savanna
35MNT_28,Am Tropical-Monsoon
35MNT_29,Aw Tropical-Savanna
35NLA_00,Af Tropical-Rainforest
35NLA_01,Af Tropical-Rainforest
35NLA_02,Af Tropical-Rainforest
35NLA_03,Am Tropical-Monsoon
35NLA_04,Am Tropical-Monsoon
35NLA_05,Af Tropical-Rainforest
35NLA_06,Af Tropical-Rainforest
35NLA_07,Af Tropical-Rainforest
35NLA_08,Am Tropical-Monsoon
35NLA_09,Af Tropical-Rainforest
35NLA_10,Am Tropical-Monsoon
35NLA_11,Af Tropical-Rainforest
35NLA_12,Am Tropical-Monsoon
35NLA_13,Af Tropical-Rainforest
35NLA_14,Af Tropical-Rainforest
35NLA_15,Af Tropical-Rainforest
35NLA_16,Af Tropical-Rainforest
35NLA_17,Af Tropical-Rainforest
35NLA_18,Af Tropical-Rainforest
35NLA_19,Af Tropical-Rainforest
35NLA_20,Af Tropical-Rainforest
35NLA_21,Af Tropical-Rainforest
35NLA_22,Am Tropical-Monsoon
35NLA_23,Af Tropical-Rainforest
35NLA_24,Am Tropical-Monsoon
35NLA_25,Af Tropical-Rainforest
35NLA_26,Af Tropical-Rainforest
35NLA_27,Af Tropical-Rainforest
35NLA_28,Af Tropical-Rainforest
35NLA_29,Af Tropical-Rainforest
35NRD_00,Aw Tropical-Savanna
35NRD_01,Am Tropical-Monsoon
35NRD_02,Am Tropical-Monsoon
35NRD_03,Aw Tropical-Savanna
35NRD_04,Aw Tropical-Savanna
35NRD_05,Am Tropical-Monsoon
35NRD_06,Aw Tropical-Savanna
35NRD_07,Aw Tropical-Savanna
35NRD_08,Am Tropical-Monsoon
35NRD_09,Am Tropical-Monsoon
35NRD_10,Aw Tropical-Savanna
35NRD_11,Aw Tropical-Savanna
35NRD_12,Am Tropical-Monsoon
35NRD_13,Aw Tropical-Savanna
35NRD_14,Am Tropical-Monsoon
35NRD_15,Aw Tropical-Savanna
35NRD_16,Aw Tropical-Savanna
35NRD_17,Aw Tropical-Savanna
35NRD_18,Aw Tropical-Savanna
35NRD_19,Am Tropical-Monsoon
35NRD_20,Am Tropical-Monsoon
35NRD_21,Aw Tropical-Savanna
35NRD_22,Aw Tropical-Savanna
35NRD_23,Aw Tropical-Savanna
35NRD_24,Aw Tropical-Savanna
35NRD_25,Aw Tropical-Savanna
35NRD_26,Aw Tropical-Savanna
35NRD_27,Aw Tropical-Savanna
35NRD_28,Aw Tropical-Savanna
35NRD_29,Aw Tropical-Savanna
35PNL_00,Aw Tropical-Savanna
35PNL_01,Aw Tropical-Savanna
35PNL_02,Aw Tropical-Savanna
35PNL_03,BSh Arid-Steppe-Hot
35PNL_04,BSh Arid-Steppe-Hot
35PNL_05,BSh Arid-Steppe-Hot
35PNL_06,BSh Arid-Steppe-Hot
35PNL_07,Aw Tropical-Savanna
35PNL_08,Aw Tropical-Savanna
35PNL_09,Aw Tropical-Savanna
35PNL_10,BSh Arid-Steppe-Hot
35PNL_11,Aw Tropical-Savanna
35PNL_12,BSh Arid-Steppe-Hot
35PNL_13,BSh Arid-Steppe-Hot
35PNL_14,BSh Arid-Steppe-Hot
35PNL_15,Aw Tropical-Savanna
35PNL_16,BSh Arid-Steppe-Hot
35PNL_17,Aw Tropical-Savanna
35PNL_18,Aw Tropical-Savanna
35PNL_19,BSh Arid-Steppe-Hot
35PNL_20,Aw Tropical-Savanna
35PNL_21,BSh Arid-Steppe-Hot
35PNL_22,Aw Tropical-Savanna
35PNL_23,BSh Arid-Steppe-Hot
35PNL_24,Aw Tropical-Savanna
35PNL_25,Aw Tropical-Savanna
35PNL_26,BSh Arid-Steppe-Hot
35PNL_27,BSh Arid-Steppe-Hot
35PNL_28,Aw Tropical-Savanna
35PNL_29,Aw Tropical-Savanna
35PNR_00,BWh Arid-Desert-Hot
35PNR_01,BWh Arid-Desert-Hot
35PNR_02,BWh Arid-Desert-Hot
35PNR_03,BWh Arid-Desert-Hot
35PNR_04,BWh Arid-Desert-Hot
35PNR_05,BWh Arid-Desert-Hot
35PNR_06,BWh Arid-Desert-Hot
35PNR_07,BWh Arid-Desert-Hot
35PNR_08,BWh Arid-Desert-Hot
35PNR_09,BWh Arid-Desert-Hot
35PNR_10,BWh Arid-Desert-Hot
35PNR_11,BWh Arid-Desert-Hot
35PNR_12,BWh Arid-Desert-Hot
35PNR_13,BWh Arid-Desert-Hot
35PNR_14,BWh Arid-Desert-Hot
35PNR_15,BWh Arid-Desert-Hot
35PNR_16,BWh Arid-Desert-Hot
35PNR_17,BWh Arid-Desert-Hot
35PNR_18,BWh Arid-Desert-Hot
35PNR_19,BWh Arid-Desert-Hot
35PNR_20,BWh Arid-Desert-Hot
35PNR_21,BWh Arid-Desert-Hot
35PNR_22,BWh Arid-Desert-Hot
35PNR_23,BWh Arid-Desert-Hot
35PNR_24,BWh Arid-Desert-Hot
35PNR_25,BWh Arid-Desert-Hot
35PNR_26,BWh Arid-Desert-Hot
35PNR_27,BWh Arid-Desert-Hot
35PNR_28,BWh Arid-Desert-Hot
35PNR_29,BWh Arid-Desert-Hot
35PRL_00,Aw Tropical-Savanna
35PRL_01,Aw Tropical-Savanna
35PRL_02,Aw Tropical-Savanna
35PRL_03,Aw Tropical-Savanna
35PRL_04,BSh Arid-Steppe-Hot
35PRL_05,Aw Tropical-Savanna
35PRL_06,BSh Arid-Steppe-Hot
35PRL_07,Aw Tropical-Savanna
35PRL_08,Aw Tropical-Savanna
35PRL_09,BSh Arid-Steppe-Hot
35PRL_10,Aw Tropical-Savanna
35PRL_11,Aw Tropical-Savanna
35PRL_12,Aw Tropical-Savanna
35PRL_13,BSh Arid-Steppe-Hot
35PRL_14,Aw Tropical-Savanna
35PRL_15,BSh Arid-Steppe-Hot
35PRL_16,BSh Arid-Steppe-Hot
35PRL_17,Aw Tropical-Savanna
35PRL_18,Aw Tropical-Savanna
35PRL_19,BSh Arid-Steppe-Hot
35PRL_20,Aw Tropical-Savanna
35PRL_21,Aw Tropical-Savanna
35PRL_22,BSh Arid-Steppe-Hot
35PRL_23,BSh Arid-Steppe-Hot
35PRL_24,BSh Arid-Steppe-Hot
35PRL_25,BSh Arid-Steppe-Hot
35PRL_26,Aw Tropical-Savanna
35PRL_27,BSh Arid-Steppe-Hot
35PRL_28,Aw Tropical-Savanna
35PRL_29,Aw Tropical-Savanna
36MWT_00,BWh Arid-Desert-Hot
36MWT_01,BWh Arid-Desert-Hot
36MWT_02,BWh Arid-Desert-Hot
36MWT_03,BWh Arid-Desert-Hot
36MWT_04,BSh Arid-Steppe-Hot
36MWT_05,BWh Arid-Desert-Hot
36MWT_06,BWh Arid-Desert-Hot
36MWT_07,BWh Arid-Desert-Hot
36MWT_08,BWh Arid-Desert-Hot
36MWT_09,BWh Arid-Desert-Hot
36MWT_10,BWh Arid-Desert-Hot
36MWT_11,BWh Arid-Desert-Hot
36MWT_12,BWh Arid-Desert-Hot
36MWT_13,BWh Arid-Desert-Hot
36MWT_14,BWh Arid-Desert-Hot
36MWT_15,BWh Arid-Desert-Hot
36MWT_16,BWh Arid-Desert-Hot
36MWT_17,BWh Arid-Desert-Hot
36MWT_18,BWh Arid-Desert-Hot
36MWT_19,BWh Arid-Desert-Hot
36MWT_20,BWh Arid-Desert-Hot
36MWT_21,BWh Arid-Desert-Hot
36MWT_22,BWh Arid-Desert-Hot
36MWT_23,BWh Arid-Desert-Hot
36MWT_24,BWh Arid-Desert-Hot
36MWT_25,BWh Arid-Desert-Hot
36MWT_26,BWh Arid-Desert-Hot
36MWT_27,BWh Arid-Desert-Hot
36MWT_28,BWh Arid-Desert-Hot
36MWT_29,BWh Arid-Desert-Hot
36MWU_00,BSh Arid-Steppe-Hot
36MWU_01,BSh Arid-Steppe-Hot
36MWU_02,BSh Arid-Steppe-Hot
36MWU_03,BSh Arid-Steppe-Hot
36MWU_04,BSh Arid-Steppe-Hot
36MWU_05,BSh Arid-Steppe-Hot
36MWU_06,BSh Arid-Steppe-Hot
36MWU_07,BSh Arid-Steppe-Hot
36MWU_08,BSh Arid-Steppe-Hot
36MWU_09,BSh Arid-Steppe-Hot
36MWU_10,BSh Arid-Steppe-Hot
36MWU_11,BSh Arid-Steppe-Hot
36MWU_12,BSh Arid-Steppe-Hot
36MWU_13,BSh Arid-Steppe-Hot
36MWU_14,BSh Arid-Steppe-Hot
36MWU_15,BSh Arid-Steppe-Hot
36MWU_16,BSh Arid-Steppe-Hot
36MWU_17,BSh Arid-Steppe-Hot
36MWU_18,BSh Arid-Steppe-Hot
36MWU_19,BSh Arid-Steppe-Hot
36MWU_20,BSh Arid-Steppe-Hot
36MWU_21,BSh Arid-Steppe-Hot
36MWU_22,BSh Arid-Steppe-Hot
36MWU_23,BSh Arid-Steppe-Hot
36MWU_24,BSh Arid-Steppe-Hot
36MWU_25,BSh Arid-Steppe-Hot
36MWU_26,BSh Arid-Steppe-Hot
36MWU_27,BSh Arid-Steppe-Hot
36MWU_28,BSh Arid-Steppe-Hot
36MWU_29,BSh Arid-Steppe-Hot
36MZT_00,BSh Arid-Steppe-Hot
36MZT_01,BSh Arid-Steppe-Hot
36MZT_02,BSh Arid-Steppe-Hot
36MZT_03,Aw Tropical-Savanna
36MZT_04,Aw Tropical-Savanna
36MZT_05,BSh Arid-Steppe-Hot
36MZT_06,BSh Arid-Steppe-Hot
36MZT_07,Aw Tropical-Savanna
36MZT_08,Aw Tropical-Savanna
36MZT_09,Aw Tropical-Savanna
36MZT_10,Aw Tropical-Savanna
36MZT_11,BSh Arid-Steppe-Hot
36MZT_12,BSh Arid-Steppe-Hot
36MZT_13,Aw Tropical-Savanna
36MZT_14,Aw Tropical-Savanna
36MZT_15,Aw Tropical-Savanna
36MZT_16,BSh Arid-Steppe-Hot
36MZT_17,BSh Arid-Steppe-Hot
36MZT_18,Aw Tropical-Savanna
36MZT_19,BSh Arid-Steppe-Hot
36MZT_20,BSh Arid-Steppe-Hot
36MZT_21,BSh Arid-Steppe-Hot
36MZT_22,BSh Arid-Steppe-Hot
36MZT_23,Aw Tropical-Savanna
36MZT_24,Aw Tropical-Savanna
36MZT_25,BSh Arid-Steppe-Hot
36MZT_26,BSh Arid-Steppe-Hot
36MZT_27,Aw Tropical-Savanna
36MZT_28,BSh Arid-Steppe-Hot
36MZT_29,Aw Tropical-Savanna
36NZH_00,BWh Arid-Desert-Hot
36NZH_01,BWh Arid-Desert-Hot
36NZH_02,BSh Arid-Steppe-Hot
36NZH_03,BSh Arid-Steppe-Hot
36NZH_04,BSh Arid-Steppe-Hot
36NZH_05,BSh Arid-Steppe-Hot
36NZH_06,BWh Arid-Desert-Hot
36NZH_07,BSh Arid-Steppe-Hot
36NZH_08,BSh Arid-Steppe-Hot
36NZH_09,BWh Arid-Desert-Hot
36NZH_10,BSh Arid-Steppe-Hot
36NZH_11,BSh Arid-Steppe-Hot
36NZH_12,BWh Arid-Desert-Hot
36NZH_13,BSh Arid-Steppe-Hot
36NZH_14,BWh Arid-Desert-Hot
36NZH_15,BSh Arid-Steppe-Hot
36NZH_16,BSh Arid-Steppe-Hot
36NZH_17,BSh Arid-Steppe-Hot
36NZH_18,BSh Arid-Steppe-Hot
36NZH_19,BSh Arid-Steppe-Hot
36NZH_20,BSh Arid-Steppe-Hot
36NZH_21,BSh Arid-Steppe-Hot
36NZH_22,BWh Arid-Desert-Hot
36NZH_23,BSh Arid-Steppe-Hot
36NZH_24,BWh Arid-Desert-Hot
36NZH_25,BSh Arid-Steppe-Hot
36NZH_26,BWh Arid-Desert-Hot
36NZH_27,BWh Arid-Desert-Hot
36NZH_28,BSh Arid-Steppe-Hot
36NZH_29,BSh Arid-Steppe-Hot
36PYV_00,BSh Arid-Steppe-Hot
36PYV_01,BSh Arid-Steppe-Hot
36PYV_02,BSh Arid-Steppe-Hot
36PYV_03,BSh Arid-Steppe-Hot
36PYV_04,BSh Arid-Steppe-Hot
36PYV_05,BSh Arid-Steppe-Hot
36PYV_06,BSh Arid-Steppe-Hot
36PYV_07,BSh Arid-Steppe-Hot
36PYV_08,BSh Arid-Steppe-Hot
36PYV_09,BSh Arid-Steppe-Hot
36PYV_10,BSh Arid-Steppe-Hot
36PYV_11,BSh Arid-Steppe-Hot
36PYV_12,BSh Arid-Steppe-Hot
36PYV_13,BSh Arid-Steppe-Hot
36PYV_14,BSh Arid-Steppe-Hot
36PYV_15,BSh Arid-Steppe-Hot
36PYV_16,Aw Tropical-Savanna
36PYV_17,BSh Arid-Steppe-Hot
36PYV_18,BSh Arid-Steppe-Hot
36PYV_19,BSh Arid-Steppe-Hot
36PYV_20,BSh Arid-Steppe-Hot
36PYV_21,BSh Arid-Steppe-Hot
36PYV_22,BSh Arid-Steppe-Hot
36PYV_23,BSh Arid-Steppe-Hot
36PYV_24,BSh Arid-Steppe-Hot
36PYV_25,BSh Arid-Steppe-Hot
36PYV_26,BSh Arid-Steppe-Hot
36PYV_27,BSh Arid-Steppe-Hot
36PYV_28,BSh Arid-Steppe-Hot
36PYV_29,BSh Arid-Steppe-Hot
36PZC_00,BWh Arid-Desert-Hot
36PZC_01,BWh Arid-Desert-Hot
36PZC_02,BWh Arid-Desert-Hot
36PZC_03,BWh Arid-Desert-Hot
36PZC_04,BWh Arid-Desert-Hot
36PZC_05,BWh Arid-Desert-Hot
36PZC_06,BWh Arid-Desert-Hot
36PZC_07,BWh Arid-Desert-Hot
36PZC_08,BWh Arid-Desert-Hot
36PZC_09,BWh Arid-Desert-Hot
36PZC_10,BWh Arid-Desert-Hot
36PZC_11,BWh Arid-Desert-Hot
36PZC_12,BWh Arid-Desert-Hot
36PZC_13,BWh Arid-Desert-Hot
36PZC_14,BWh Arid-Desert-Hot
36PZC_15,BWh Arid-Desert-Hot
36PZC_16,BWh Arid-Desert-Hot
36PZC_17,BWh Arid-Desert-Hot
36PZC_18,BWh Arid-Desert-Hot
36PZC_19,BWh Arid-Desert-Hot
36PZC_20,BWh Arid-Desert-Hot
36PZC_21,BWh Arid-Desert-Hot
36PZC_22,BWh Arid-Desert-Hot
36PZC_23,BWh Arid-Desert-Hot
36PZC_24,BWh Arid-Desert-Hot
36PZC_25,BWh Arid-Desert-Hot
36PZC_26,BWh Arid-Desert-Hot
36PZC_27,BWh Arid-Desert-Hot
36PZC_28,BWh Arid-Desert-Hot
36PZC_29,BWh Arid-Desert-Hot
36RVP_00,BWh Arid-Desert-Hot
36RVP_01,BWh Arid-Desert-Hot
36RVP_02,BWh Arid-Desert-Hot
36RVP_03,BWh Arid-Desert-Hot
36RVP_04,BWh Arid-Desert-Hot
36RVP_05,BWh Arid-Desert-Hot
36RVP_06,BWh Arid-Desert-Hot
36RVP_07,BWh Arid-Desert-Hot
36RVP_08,BWh Arid-Desert-Hot
36RVP_09,BWh Arid-Desert-Hot
36RVP_10,BWh Arid-Desert-Hot
36RVP_11,BWh Arid-Desert-Hot
36RVP_12,BWh Arid-Desert-Hot
36RVP_13,BWh Arid-Desert-Hot
36RVP_14,BWh Arid-Desert-Hot
36RVP_15,BWh Arid-Desert-Hot
36RVP_16,BWh Arid-Desert-Hot
36RVP_17,BWh Arid-Desert-Hot
36RVP_18,BWh Arid-Desert-Hot
36RVP_19,BWh Arid-Desert-Hot
36RVP_20,BWh Arid-Desert-Hot
36RVP_21,BWh Arid-Desert-Hot
36RVP_22,BWh Arid-Desert-Hot
36RVP_23,BWh Arid-Desert-Hot
36RVP_24,BWh Arid-Desert-Hot
36RVP_25,BWh Arid-Desert-Hot
36RVP_26,BWh Arid-Desert-Hot
36RVP_27,BWh Arid-Desert-Hot
36RVP_28,BWh Arid-Desert-Hot
36RVP_29,BWh Arid-Desert-Hot
37NCA_00,Aw Tropical-Savanna
37NCA_01,Aw Tropical-Savanna
37NCA_02,Aw Tropical-Savanna
37NCA_03,Aw Tropical-Savanna
37NCA_04,Aw Tropical-Savanna
37NCA_05,Aw Tropical-Savanna
37NCA_06,Aw Tropical-Savanna
37NCA_07,Aw Tropical-Savanna
37NCA_08,Aw Tropical-Savanna
37NCA_09,Aw Tropical-Savanna
37NCA_10,Aw Tropical-Savanna
37NCA_11,Aw Tropical-Savanna
37NCA_12,Aw Tropical-Savanna
37NCA_13,Aw Tropical-Savanna
37NCA_14,Aw Tropical-Savanna
37NCA_15,Aw Tropical-Savanna
37NCA_16,Aw Tropical-Savanna
37NCA_17,Aw Tropical-Savanna
37NCA_18,Aw Tropical-Savanna
37NCA_19,Aw Tropical-Savanna
37NCA_20,Aw Tropical-Savanna
37NCA_21,Aw Tropical-Savanna
37NCA_22,Aw Tropical-Savanna
37NCA_23,Aw Tropical-Savanna
37NCA_24,Aw Tropical-Savanna
37NCA_25,Aw Tropical-Savanna
37NCA_26,Aw Tropical-Savanna
37NCA_27,Aw Tropical-Savanna
37NCA_28,Aw Tropical-Savanna
37NCA_29,Aw Tropical-Savanna
37NFD_00,BWh Arid-Desert-Hot
37NFD_01,BWh Arid-Desert-Hot
37NFD_02,BSh Arid-Steppe-Hot
37NFD_03,BSh Arid-Steppe-Hot
37NFD_04,BWh Arid-Desert-Hot
37NFD_05,BSh Arid-Steppe-Hot
37NFD_06,BSh Arid-Steppe-Hot
37NFD_07,BSh Arid-Steppe-Hot
37NFD_08,BWh Arid-Desert-Hot
37NFD_09,BWh Arid-Desert-Hot
37NFD_10,BWh Arid-Desert-Hot
37NFD_11,BSh Arid-Steppe-Hot
37NFD_12,BSh Arid-Steppe-Hot
37NFD_13,BWh Arid-Desert-Hot
37NFD_14,BWh Arid-Desert-Hot
37NFD_15,BWh Arid-Desert-Hot
37NFD_16,BSh Arid-Steppe-Hot
37NFD_17,BWh Arid-Desert-Hot
37NFD_18,BWh Arid-Desert-Hot
37NFD_19,BSh Arid-Steppe-Hot
37NFD_20,BWh Arid-Desert-Hot
37NFD_21,BWh Arid-Desert-Hot
37NFD_22,BWh Arid-Desert-Hot
37NFD_23,BSh Arid-Steppe-Hot
37NFD_24,BSh Arid-Steppe-Hot
37NFD_25,BSh Arid-Steppe-Hot
37NFD_26,BWh Arid-Desert-Hot
37NFD_27,BWh Arid-Desert-Hot
37NFD_28,BWh Arid-Desert-Hot
37NFD_29,BWh Arid-Desert-Hot
37NGE_00,BWh Arid-Desert-Hot
37NGE_01,BWh Arid-Desert-Hot
37NGE_02,BWh Arid-Desert-Hot
37NGE_03,BWh Arid-Desert-Hot
37NGE_04,BWh Arid-Desert-Hot
37NGE_05,BWh Arid-Desert-Hot
37NGE_06,BWh Arid-Desert-Hot
37NGE_07,BWh Arid-Desert-Hot
37NGE_08,BWh Arid-Desert-Hot
37NGE_09,BWh Arid-Desert-Hot
37NGE_10,BWh Arid-Desert-Hot
37NGE_11,BWh Arid-Desert-Hot
37NGE_12,BWh Arid-Desert-Hot
37NGE_13,BWh Arid-Desert-Hot
37NGE_14,BWh Arid-Desert-Hot
37NGE_15,BWh Arid-Desert-Hot
37NGE_16,BWh Arid-Desert-Hot
37NGE_17,BWh Arid-Desert-Hot
37NGE_18,BWh Arid-Desert-Hot
37NGE_19,BWh Arid-Desert-Hot
37NGE_20,BWh Arid-Desert-Hot
37NGE_21,BWh Arid-Desert-Hot
37NGE_22,BWh Arid-Desert-Hot
37NGE_23,BWh Arid-Desert-Hot
37NGE_24,BWh Arid-Desert-Hot
37NGE_25,BWh Arid-Desert-Hot
37NGE_26,BWh Arid-Desert-Hot
37NGE_27,BWh Arid-Desert-Hot
37NGE_28,BWh Arid-Desert-Hot
37NGE_29,BWh Arid-Desert-Hot
37PCM_00,Cwb Temperate-Dry_Winter-Warm_Summer
37PCM_01,Csb Temperate-Dry_Summer-Warm_Summer
37PCM_02,Cwb Temperate-Dry_Winter-Warm_Summer
37PCM_03,Csb Temperate-Dry_Summer-Warm_Summer
37PCM_04,Cwb Temperate-Dry_Winter-Warm_Summer
37PCM_05,Csb Temperate-Dry_Summer-Warm_Summer
37PCM_06,Csb Temperate-Dry_Summer-Warm_Summer
37PCM_07,Csb Temperate-Dry_Summer-Warm_Summer
37PCM_08,Cwb Temperate-Dry_Winter-Warm_Summer
37PCM_09,Csb Temperate-Dry_Summer-Warm_Summer
37PCM_10,Csb Temperate-Dry_Summer-Warm_Summer
37PCM_11,Cwb Temperate-Dry_Winter-Warm_Summer
37PCM_12,Csb Temperate-Dry_Summer-Warm_Summer
37PCM_13,Csb Temperate-Dry_Summer-Warm_Summer
37PCM_14,Csb Temperate-Dry_Summer-Warm_Summer
37PCM_15,Csb Temperate-Dry_Summer-Warm_Summer
37PCM_16,Csb Temperate-Dry_Summer-Warm_Summer
37PCM_17,Csb Temperate-Dry_Summer-Warm_Summer
37PCM_18,Csb Temperate-Dry_Summer-Warm_Summer
37PCM_19,Csb Temperate-Dry_Summer-Warm_Summer
37PCM_20,Csb Temperate-Dry_Summer-Warm_Summer
37PCM_21,Csb Temperate-Dry_Summer-Warm_Summer
37PCM_22,Csb Temperate-Dry_Summer-Warm_Summer
37PCM_23,Csb Temperate-Dry_Summer-Warm_Summer
37PCM_24,Cwb Temperate-Dry_Winter-Warm_Summer
37PCM_25,Csb Temperate-Dry_Summer-Warm_Summer
37PCM_26,Cwb Temperate-Dry_Winter-Warm_Summer
37PCM_27,Cwb Temperate-Dry_Winter-Warm_Summer
37PCM_28,Csb Temperate-Dry_Summer-Warm_Summer
37PCM_29,Cwb Temperate-Dry_Winter-Warm_Summer
38KMA_00,BSh Arid-Steppe-Hot
38KMA_01,BSh Arid-Steppe-Hot
38KMA_02,BSh Arid-Steppe-Hot
38KMA_03,BSh Arid-Steppe-Hot
38KMA_04,BSh Arid-Steppe-Hot
38KMA_05,BSh Arid-Steppe-Hot
38KMA_06,BSh Arid-Steppe-Hot
38KMA_07,BSh Arid-Steppe-Hot
38KMA_08,BSh Arid-Steppe-Hot
38KMA_09,BSh Arid-Steppe-Hot
38KMA_10,BSh Arid-Steppe-Hot
38KMA_11,BSh Arid-Steppe-Hot
38KMA_12,BSh Arid-Steppe-Hot
38KMA_13,BSh Arid-Steppe-Hot
38KMA_14,BSh Arid-Steppe-Hot
38KMA_15,BSh Arid-Steppe-Hot
38KMA_16,BSh Arid-Steppe-Hot
38KMA_17,BSh Arid-Steppe-Hot
38KMA_18,BSh Arid-Steppe-Hot
38KMA_19,BSh Arid-Steppe-Hot
38KMA_20,BSh Arid-Steppe-Hot
38KMA_21,BSh Arid-Steppe-Hot
38KMA_22,BSh Arid-Steppe-Hot
38KMA_23,BSh Arid-Steppe-Hot
38KMA_24,BSh Arid-Steppe-Hot
38KMA_25,BSh Arid-Steppe-Hot
38KMA_26,BSh Arid-Steppe-Hot
38KMA_27,BSh Arid-Steppe-Hot
38KMA_28,BSh Arid-Steppe-Hot
38KMA_29,BSh Arid-Steppe-Hot
38NPP_00,BWh Arid-Desert-Hot
38NPP_01,BWh Arid-Desert-Hot
38NPP_02,BWh Arid-Desert-Hot
38NPP_03,BWh Arid-Desert-Hot
38NPP_04,BWh Arid-Desert-Hot
38NPP_05,BWh Arid-Desert-Hot
38NPP_06,BWh Arid-Desert-Hot
38NPP_07,BWh Arid-Desert-Hot
38NPP_08,BWh Arid-Desert-Hot
38NPP_09,BWh Arid-Desert-Hot
38NPP_10,BWh Arid-Desert-Hot
38NPP_11,BWh Arid-Desert-Hot
38NPP_12,BWh Arid-Desert-Hot
38NPP_13,BWh Arid-Desert-Hot
38NPP_14,BWh Arid-Desert-Hot
38NPP_15,BWh Arid-Desert-Hot
38NPP_16,BWh Arid-Desert-Hot
38NPP_17,BWh Arid-Desert-Hot
38NPP_18,BWh Arid-Desert-Hot
38NPP_19,BWh Arid-Desert-Hot
38NPP_20,BWh Arid-Desert-Hot
38NPP_21,BWh Arid-Desert-Hot
38NPP_22,BWh Arid-Desert-Hot
38NPP_23,BWh Arid-Desert-Hot
38NPP_24,BWh Arid-Desert-Hot
38NPP_25,BWh Arid-Desert-Hot
38NPP_26,BWh Arid-Desert-Hot
38NPP_27,BWh Arid-Desert-Hot
38NPP_28,BWh Arid-Desert-Hot
38NPP_29,BWh Arid-Desert-Hot
38PKQ_00,BSh Arid-Steppe-Hot
38PKQ_01,BSh Arid-Steppe-Hot
38PKQ_02,BSh Arid-Steppe-Hot
38PKQ_03,BSh Arid-Steppe-Hot
38PKQ_04,BSh Arid-Steppe-Hot
38PKQ_05,BSh Arid-Steppe-Hot
38PKQ_06,BSh Arid-Steppe-Hot
38PKQ_07,BSh Arid-Steppe-Hot
38PKQ_08,BSh Arid-Steppe-Hot
38PKQ_09,BSh Arid-Steppe-Hot
38PKQ_10,BSh Arid-Steppe-Hot
38PKQ_11,BSh Arid-Steppe-Hot
38PKQ_12,BSh Arid-Steppe-Hot
38PKQ_13,BSh Arid-Steppe-Hot
38PKQ_14,BSh Arid-Steppe-Hot
38PKQ_15,BSh Arid-Steppe-Hot
38PKQ_16,BSh Arid-Steppe-Hot
38PKQ_17,BSh Arid-Steppe-Hot
38PKQ_18,BSh Arid-Steppe-Hot
38PKQ_19,BSh Arid-Steppe-Hot
38PKQ_20,BSh Arid-Steppe-Hot
38PKQ_21,BSh Arid-Steppe-Hot
38PKQ_22,BSh Arid-Steppe-Hot
38PKQ_23,BSh Arid-Steppe-Hot
38PKQ_24,BSh Arid-Steppe-Hot
38PKQ_25,BSh Arid-Steppe-Hot
38PKQ_26,BSh Arid-Steppe-Hot
38PKQ_27,BSh Arid-Steppe-Hot
38PKQ_28,BSh Arid-Steppe-Hot
38PKQ_29,BSh Arid-Steppe-Hot
38PKT_00,BWh Arid-Desert-Hot
38PKT_01,BWh Arid-Desert-Hot
38PKT_02,BWh Arid-Desert-Hot
38PKT_03,BWh Arid-Desert-Hot
38PKT_04,
38PKT_05,BWh Arid-Desert-Hot
38PKT_06,BWh Arid-Desert-Hot
38PKT_07,BWh Arid-Desert-Hot
38PKT_08,BWh Arid-Desert-Hot
38PKT_09,BWh Arid-Desert-Hot
38PKT_10,BWh Arid-Desert-Hot
38PKT_11,BWh Arid-Desert-Hot
38PKT_12,BWh Arid-Desert-Hot
38PKT_13,BWh Arid-Desert-Hot
38PKT_14,BWh Arid-Desert-Hot
38PKT_15,BWh Arid-Desert-Hot
38PKT_16,BWh Arid-Desert-Hot
38PKT_17,BWh Arid-Desert-Hot
38PKT_18,BWh Arid-Desert-Hot
38PKT_19,BWh Arid-Desert-Hot
38PKT_20,BWh Arid-Desert-Hot
38PKT_21,BWh Arid-Desert-Hot
38PKT_22,BWh Arid-Desert-Hot
38PKT_23,BWh Arid-Desert-Hot
38PKT_24,BWh Arid-Desert-Hot
38PKT_25,BWh Arid-Desert-Hot
38PKT_26,BWh Arid-Desert-Hot
38PKT_27,BWh Arid-Desert-Hot
38PKT_28,BWh Arid-Desert-Hot
38PKT_29,BWh Arid-Desert-Hot
